idx,name,LI_greater_than_MC,incomeBracket,pctInBracket,POINT_X,POINT_Y,Assessed_Value_Sum,Avg_Assessed_Value
0,Lee Ridge,1,Low Income (Less than $60K),0.5662984000000001,-113.44452,53.46951423,216304000.0,266056.5806
1,Lee Ridge,1,Middle Class (between $60K and $150K),0.37016570000000004,-113.44452,53.46951423,216304000.0,266056.5806
2,Lee Ridge,1,High Income (Over $150K),0.0635359,-113.44452,53.46951423,216304000.0,266056.5806
3,Hillview,0,Low Income (Less than $60K),0.4160982,-113.4289598,53.46948166,341884000.0,308559.5668
4,Hillview,0,Middle Class (between $60K and $150K),0.48840379999999994,-113.4289598,53.46948166,341884000.0,308559.5668
5,Hillview,0,High Income (Over $150K),0.095498,-113.4289598,53.46948166,341884000.0,308559.5668
6,Idylwylde,1,Low Income (Less than $60K),0.5488029999999999,-113.44932340000001,53.52171154,224918500.0,287987.8361
7,Idylwylde,1,Middle Class (between $60K and $150K),0.3756906,-113.44932340000001,53.52171154,224918500.0,287987.8361
8,Idylwylde,1,High Income (Over $150K),0.0755064,-113.44932340000001,53.52171154,224918500.0,287987.8361
9,Ottewell,0,Low Income (Less than $60K),0.3668808,-113.42961170000001,53.53164832,873544500.0,357131.8479
10,Ottewell,0,Middle Class (between $60K and $150K),0.4832263,-113.42961170000001,53.53164832,873544500.0,357131.8479
11,Ottewell,0,High Income (Over $150K),0.1498929,-113.42961170000001,53.53164832,873544500.0,357131.8479
12,York,1,Low Income (Less than $60K),0.47089949999999997,-113.4295149,53.60285955,307700000.0,262991.453
13,York,1,Middle Class (between $60K and $150K),0.46455029999999997,-113.4295149,53.60285955,307700000.0,262991.453
14,York,1,High Income (Over $150K),0.0645503,-113.4295149,53.60285955,307700000.0,262991.453
15,Callingwood South,1,Low Income (Less than $60K),0.590109,-113.6228453,53.50065609,235979000.0,142758.0157
16,Callingwood South,1,Middle Class (between $60K and $150K),0.387259,-113.6228453,53.50065609,235979000.0,142758.0157
17,Callingwood South,1,High Income (Over $150K),0.022632,-113.6228453,53.50065609,235979000.0,142758.0157
18,Empire Park,1,Low Income (Less than $60K),0.528866,-113.50511159999999,53.48484789999999,198751500.0,157864.5751
19,Empire Park,1,Middle Class (between $60K and $150K),0.456701,-113.50511159999999,53.48484789999999,198751500.0,157864.5751
20,Empire Park,1,High Income (Over $150K),0.014433000000000001,-113.50511159999999,53.48484789999999,198751500.0,157864.5751
21,Meadowlark Park,1,Low Income (Less than $60K),0.511655,-113.59655670000001,53.52551296,410678500.0,269828.1866
22,Meadowlark Park,1,Middle Class (between $60K and $150K),0.4160839,-113.59655670000001,53.52551296,410678500.0,269828.1866
23,Meadowlark Park,1,High Income (Over $150K),0.07226110000000001,-113.59655670000001,53.52551296,410678500.0,269828.1866
24,Summerlea,1,Low Income (Less than $60K),0.5124555000000001,-113.6219652,53.52532309,180135500.0,255149.4334
25,Summerlea,1,Middle Class (between $60K and $150K),0.4181495,-113.6219652,53.52532309,180135500.0,255149.4334
26,Summerlea,1,High Income (Over $150K),0.069395,-113.6219652,53.52532309,180135500.0,255149.4334
27,Grovenor,0,Low Income (Less than $60K),0.3487544,-113.57160640000001,53.54592903,425973500.0,397363.3396
28,Grovenor,0,Middle Class (between $60K and $150K),0.47508900000000004,-113.57160640000001,53.54592903,425973500.0,397363.3396
29,Grovenor,0,High Income (Over $150K),0.1761566,-113.57160640000001,53.54592903,425973500.0,397363.3396
30,Britannia Youngstown,1,Low Income (Less than $60K),0.5795148,-113.60157379999998,53.54602083,368626500.0,240147.557
31,Britannia Youngstown,1,Middle Class (between $60K and $150K),0.3881402,-113.60157379999998,53.54602083,368626500.0,240147.557
32,Britannia Youngstown,1,High Income (Over $150K),0.032345,-113.60157379999998,53.54602083,368626500.0,240147.557
33,Glenwood,1,Low Income (Less than $60K),0.6760676999999999,-113.6026803,53.5364378,457686000.0,214876.0563
34,Glenwood,1,Middle Class (between $60K and $150K),0.296535,-113.6026803,53.5364378,457686000.0,214876.0563
35,Glenwood,1,High Income (Over $150K),0.027397300000000003,-113.6026803,53.5364378,457686000.0,214876.0563
36,Evansdale,1,Low Income (Less than $60K),0.6637478,-113.4790517,53.61076326,431495500.0,266026.8187
37,Evansdale,1,Middle Class (between $60K and $150K),0.2994746,-113.4790517,53.61076326,431495500.0,266026.8187
38,Evansdale,1,High Income (Over $150K),0.0367776,-113.4790517,53.61076326,431495500.0,266026.8187
39,Northmount,0,Low Income (Less than $60K),0.4367816,-113.4796586,53.60295449,322729000.0,291798.3725
40,Northmount,0,Middle Class (between $60K and $150K),0.4827585999999999,-113.4796586,53.60295449,322729000.0,291798.3725
41,Northmount,0,High Income (Over $150K),0.08045980000000001,-113.4796586,53.60295449,322729000.0,291798.3725
42,Prince Rupert,1,Low Income (Less than $60K),0.44615379999999993,-113.5219007,53.5627184,144065000.0,296430.0412
43,Prince Rupert,1,Middle Class (between $60K and $150K),0.4384615,-113.5219007,53.5627184,144065000.0,296430.0412
44,Prince Rupert,1,High Income (Over $150K),0.1153846,-113.5219007,53.5627184,144065000.0,296430.0412
45,Spruce Avenue,1,Low Income (Less than $60K),0.6168831,-113.4993249,53.56414287,166350500.0,279580.6723
46,Spruce Avenue,1,Middle Class (between $60K and $150K),0.31493509999999997,-113.4993249,53.56414287,166350500.0,279580.6723
47,Spruce Avenue,1,High Income (Over $150K),0.0681818,-113.4993249,53.56414287,166350500.0,279580.6723
48,Westwood,1,Low Income (Less than $60K),0.7774087,-113.49827379999999,53.57612192,195052500.0,254305.7366
49,Westwood,1,Middle Class (between $60K and $150K),0.2015504,-113.49827379999999,53.57612192,195052500.0,254305.7366
50,Westwood,1,High Income (Over $150K),0.021041,-113.49827379999999,53.57612192,195052500.0,254305.7366
51,High Park,1,Low Income (Less than $60K),0.48356809999999995,-113.58419640000001,53.55497783,200146000.0,323337.6414
52,High Park,1,Middle Class (between $60K and $150K),0.4553991,-113.58419640000001,53.55497783,200146000.0,323337.6414
53,High Park,1,High Income (Over $150K),0.06103290000000001,-113.58419640000001,53.55497783,200146000.0,323337.6414
54,McQueen,1,Low Income (Less than $60K),0.47645429999999994,-113.5718432,53.55495089,165937500.0,337958.2485
55,McQueen,1,Middle Class (between $60K and $150K),0.4072022,-113.5718432,53.55495089,165937500.0,337958.2485
56,McQueen,1,High Income (Over $150K),0.11634349999999999,-113.5718432,53.55495089,165937500.0,337958.2485
57,Highlands,0,Low Income (Less than $60K),0.2977208,-113.4316034,53.56716747,489270000.0,424345.1865
58,Highlands,0,Middle Class (between $60K and $150K),0.5014244999999999,-113.4316034,53.56716747,489270000.0,424345.1865
59,Highlands,0,High Income (Over $150K),0.2008547,-113.4316034,53.56716747,489270000.0,424345.1865
60,Elmwood,1,Low Income (Less than $60K),0.5006729,-113.6059678,53.515798499999995,262364000.0,329189.4605
61,Elmwood,1,Middle Class (between $60K and $150K),0.45895020000000003,-113.6059678,53.515798499999995,262364000.0,329189.4605
62,Elmwood,1,High Income (Over $150K),0.040376800000000004,-113.6059678,53.515798499999995,262364000.0,329189.4605
63,Thorncliff,0,Low Income (Less than $60K),0.4563107,-113.6230909,53.5162556,213179000.0,281238.7863
64,Thorncliff,0,Middle Class (between $60K and $150K),0.46278320000000006,-113.6230909,53.5162556,213179000.0,281238.7863
65,Thorncliff,0,High Income (Over $150K),0.08090610000000001,-113.6230909,53.5162556,213179000.0,281238.7863
66,Casselman,1,Low Income (Less than $60K),0.49782609999999994,-113.4241088,53.61128775,291897500.0,231480.9675
67,Casselman,1,Middle Class (between $60K and $150K),0.448913,-113.4241088,53.61128775,291897500.0,231480.9675
68,Casselman,1,High Income (Over $150K),0.05326090000000001,-113.4241088,53.61128775,291897500.0,231480.9675
69,Glengarry,1,Low Income (Less than $60K),0.5905246,-113.4796225,53.59583152,305824000.0,255492.0635
70,Glengarry,1,Middle Class (between $60K and $150K),0.35194580000000003,-113.4796225,53.59583152,305824000.0,255492.0635
71,Glengarry,1,High Income (Over $150K),0.05752959999999999,-113.4796225,53.59583152,305824000.0,255492.0635
72,Queen Alexandra,1,Low Income (Less than $60K),0.5095149999999999,-113.5047987,53.512291299999994,521055500.0,288833.4257
73,Queen Alexandra,1,Middle Class (between $60K and $150K),0.42173109999999997,-113.5047987,53.512291299999994,521055500.0,288833.4257
74,Queen Alexandra,1,High Income (Over $150K),0.0687538,-113.5047987,53.512291299999994,521055500.0,288833.4257
75,North Glenora,0,Low Income (Less than $60K),0.32264149999999997,-113.55822450000001,53.55485365,301196500.0,413731.456
76,North Glenora,0,Middle Class (between $60K and $150K),0.49811320000000003,-113.55822450000001,53.55485365,301196500.0,413731.456
77,North Glenora,0,High Income (Over $150K),0.1792453,-113.55822450000001,53.55485365,301196500.0,413731.456
78,Kildare,1,Low Income (Less than $60K),0.6136725000000001,-113.45597959999999,53.60299807,246351500.0,252927.6181
79,Kildare,1,Middle Class (between $60K and $150K),0.3529412,-113.45597959999999,53.60299807,246351500.0,252927.6181
80,Kildare,1,High Income (Over $150K),0.03338630000000001,-113.45597959999999,53.60299807,246351500.0,252927.6181
81,Allendale,0,Low Income (Less than $60K),0.4018059,-113.50483009999999,53.50230468,388150500.0,415578.6938
82,Allendale,0,Middle Class (between $60K and $150K),0.47855529999999996,-113.50483009999999,53.50230468,388150500.0,415578.6938
83,Allendale,0,High Income (Over $150K),0.11963879999999999,-113.50483009999999,53.50230468,388150500.0,415578.6938
84,Parkallen,0,Low Income (Less than $60K),0.323689,-113.5175935,53.50337059,394228500.0,403096.6258
85,Parkallen,0,Middle Class (between $60K and $150K),0.49186260000000004,-113.5175935,53.50337059,394228500.0,403096.6258
86,Parkallen,0,High Income (Over $150K),0.1844485,-113.5175935,53.50337059,394228500.0,403096.6258
87,Prince Charles,0,Low Income (Less than $60K),0.45728640000000004,-113.536049,53.57545922,180019500.0,305635.8234
88,Prince Charles,0,Middle Class (between $60K and $150K),0.49748739999999997,-113.536049,53.57545922,180019500.0,305635.8234
89,Prince Charles,0,High Income (Over $150K),0.0452261,-113.536049,53.57545922,180019500.0,305635.8234
90,Woodcroft,1,Low Income (Less than $60K),0.6226765999999999,-113.5581399,53.56474345,215524000.0,304842.9986
91,Woodcroft,1,Middle Class (between $60K and $150K),0.30297399999999997,-113.5581399,53.56474345,215524000.0,304842.9986
92,Woodcroft,1,High Income (Over $150K),0.0743494,-113.5581399,53.56474345,215524000.0,304842.9986
93,Dechene,0,Low Income (Less than $60K),0.1821429,-113.6365739,53.49111987,256375500.0,426581.5308
94,Dechene,0,Middle Class (between $60K and $150K),0.5678571,-113.6365739,53.49111987,256375500.0,426581.5308
95,Dechene,0,High Income (Over $150K),0.25,-113.6365739,53.49111987,256375500.0,426581.5308
96,Athlone,0,Low Income (Less than $60K),0.40267459999999994,-113.55088629999999,53.58825829,345101500.0,307029.8043
97,Athlone,0,Middle Class (between $60K and $150K),0.5037147,-113.55088629999999,53.58825829,345101500.0,307029.8043
98,Athlone,0,High Income (Over $150K),0.09361069999999999,-113.55088629999999,53.58825829,345101500.0,307029.8043
99,Mill Woods Town Centre,1,Low Income (Less than $60K),0.7986871,-113.4275081,53.45639407,94021500.0,123875.4941
100,Mill Woods Town Centre,1,Middle Class (between $60K and $150K),0.19693650000000001,-113.4275081,53.45639407,94021500.0,123875.4941
101,Mill Woods Town Centre,1,High Income (Over $150K),0.0043764,-113.4275081,53.45639407,94021500.0,123875.4941
102,Oleskiw,0,Low Income (Less than $60K),0.0920398,-113.6072626,53.49777192,840095500.0,761645.9655
103,Oleskiw,0,Middle Class (between $60K and $150K),0.4228856,-113.6072626,53.49777192,840095500.0,761645.9655
104,Oleskiw,0,High Income (Over $150K),0.4850746,-113.6072626,53.49777192,840095500.0,761645.9655
105,Belmead,0,Low Income (Less than $60K),0.4430844,-113.6415999,53.52543165,437434000.0,322116.3476
106,Belmead,0,Middle Class (between $60K and $150K),0.45042840000000006,-113.6415999,53.52543165,437434000.0,322116.3476
107,Belmead,0,High Income (Over $150K),0.10648710000000002,-113.6415999,53.52543165,437434000.0,322116.3476
108,Bellevue,0,Low Income (Less than $60K),0.3660377,-113.44564629999999,53.56588336,167711500.0,355320.9746
109,Bellevue,0,Middle Class (between $60K and $150K),0.5018868,-113.44564629999999,53.56588336,167711500.0,355320.9746
110,Bellevue,0,High Income (Over $150K),0.1320755,-113.44564629999999,53.56588336,167711500.0,355320.9746
111,Fulton Place,0,Low Income (Less than $60K),0.34553779999999995,-113.426019,53.54601157,351123500.0,361610.1957
112,Fulton Place,0,Middle Class (between $60K and $150K),0.49199079999999995,-113.426019,53.54601157,351123500.0,361610.1957
113,Fulton Place,0,High Income (Over $150K),0.1624714,-113.426019,53.54601157,351123500.0,361610.1957
114,Rio Terrace,0,Low Income (Less than $60K),0.22448979999999996,-113.5849127,53.50838451,291947500.0,573570.7269
115,Rio Terrace,0,Middle Class (between $60K and $150K),0.41632650000000004,-113.5849127,53.50838451,291947500.0,573570.7269
116,Rio Terrace,0,High Income (Over $150K),0.3591837,-113.5849127,53.50838451,291947500.0,573570.7269
117,Ormsby Place,0,Low Income (Less than $60K),0.3385744,-113.642849,53.49929907,572377500.0,322466.1972
118,Ormsby Place,0,Middle Class (between $60K and $150K),0.4811321,-113.642849,53.49929907,572377500.0,322466.1972
119,Ormsby Place,0,High Income (Over $150K),0.1802935,-113.642849,53.49929907,572377500.0,322466.1972
120,Calder,1,Low Income (Less than $60K),0.5793451000000001,-113.5291618,53.58843193,370512000.0,265219.7566
121,Calder,1,Middle Class (between $60K and $150K),0.38161209999999995,-113.5291618,53.58843193,370512000.0,265219.7566
122,Calder,1,High Income (Over $150K),0.0390428,-113.5291618,53.58843193,370512000.0,265219.7566
123,Parkview,0,Low Income (Less than $60K),0.23098200000000002,-113.567783,53.52394272,921129500.0,641902.0906
124,Parkview,0,Middle Class (between $60K and $150K),0.4246196,-113.567783,53.52394272,921129500.0,641902.0906
125,Parkview,0,High Income (Over $150K),0.3443983,-113.567783,53.52394272,921129500.0,641902.0906
126,Beacon Heights,1,Low Income (Less than $60K),0.48039220000000005,-113.4060949,53.57352504,294276500.0,259732.1271
127,Beacon Heights,1,Middle Class (between $60K and $150K),0.46568630000000005,-113.4060949,53.57352504,294276500.0,259732.1271
128,Beacon Heights,1,High Income (Over $150K),0.0539216,-113.4060949,53.57352504,294276500.0,259732.1271
129,Aldergrove,0,Low Income (Less than $60K),0.4014598,-113.6411587,53.51679476,505432000.0,310843.7884
130,Aldergrove,0,Middle Class (between $60K and $150K),0.5119917,-113.6411587,53.51679476,505432000.0,310843.7884
131,Aldergrove,0,High Income (Over $150K),0.0865485,-113.6411587,53.51679476,505432000.0,310843.7884
132,Eastwood,1,Low Income (Less than $60K),0.7261504,-113.4681511,53.57444477,264156500.0,234597.2469
133,Eastwood,1,Middle Class (between $60K and $150K),0.2547699,-113.4681511,53.57444477,264156500.0,234597.2469
134,Eastwood,1,High Income (Over $150K),0.019079699999999998,-113.4681511,53.57444477,264156500.0,234597.2469
135,Lauderdale,1,Low Income (Less than $60K),0.5474452,-113.5042607,53.58848165,241210000.0,283443.0082
136,Lauderdale,1,Middle Class (between $60K and $150K),0.3917275,-113.5042607,53.58848165,241210000.0,283443.0082
137,Lauderdale,1,High Income (Over $150K),0.0608273,-113.5042607,53.58848165,241210000.0,283443.0082
138,Rosslyn,1,Low Income (Less than $60K),0.5596919,-113.5042653,53.59575935,292826500.0,278352.1863
139,Rosslyn,1,Middle Class (between $60K and $150K),0.4184852,-113.5042653,53.59575935,292826500.0,278352.1863
140,Rosslyn,1,High Income (Over $150K),0.021822799999999996,-113.5042653,53.59575935,292826500.0,278352.1863
141,Killarney,1,Low Income (Less than $60K),0.5868188,-113.47957209999998,53.5884755,262008000.0,297398.4109
142,Killarney,1,Middle Class (between $60K and $150K),0.391635,-113.47957209999998,53.5884755,262008000.0,297398.4109
143,Killarney,1,High Income (Over $150K),0.0215463,-113.47957209999998,53.5884755,262008000.0,297398.4109
144,Jasper Park,1,Low Income (Less than $60K),0.5435293999999999,-113.5841084,53.52306995,195373500.0,271729.4854
145,Jasper Park,1,Middle Class (between $60K and $150K),0.4,-113.5841084,53.52306995,195373500.0,271729.4854
146,Jasper Park,1,High Income (Over $150K),0.0564706,-113.5841084,53.52306995,195373500.0,271729.4854
147,Richfield,0,Low Income (Less than $60K),0.47530870000000003,-113.459061,53.46928042,220807500.0,309687.9383
148,Richfield,0,Middle Class (between $60K and $150K),0.47530870000000003,-113.459061,53.46928042,220807500.0,309687.9383
149,Richfield,0,High Income (Over $150K),0.0493827,-113.459061,53.46928042,220807500.0,309687.9383
150,Capilano,0,Low Income (Less than $60K),0.2802893,-113.4238106,53.55447667,522817000.0,428890.0738
151,Capilano,0,Middle Class (between $60K and $150K),0.4972875,-113.4238106,53.55447667,522817000.0,428890.0738
152,Capilano,0,High Income (Over $150K),0.2224232,-113.4238106,53.55447667,522817000.0,428890.0738
153,Alberta Avenue,1,Low Income (Less than $60K),0.6642220999999999,-113.48518659999999,53.568494799999996,563909500.0,240884.0239
154,Alberta Avenue,1,Middle Class (between $60K and $150K),0.2959665,-113.48518659999999,53.568494799999996,563909500.0,240884.0239
155,Alberta Avenue,1,High Income (Over $150K),0.039811400000000004,-113.48518659999999,53.568494799999996,563909500.0,240884.0239
156,Delton,1,Low Income (Less than $60K),0.5464481,-113.4825443,53.5790053,205500000.0,277327.9352
157,Delton,1,Middle Class (between $60K and $150K),0.39526409999999995,-113.4825443,53.5790053,205500000.0,277327.9352
158,Delton,1,High Income (Over $150K),0.05828780000000001,-113.4825443,53.5790053,205500000.0,277327.9352
159,Minchau,0,Low Income (Less than $60K),0.3070866,-113.409355,53.46748793,315624000.0,308527.8592
160,Minchau,0,Middle Class (between $60K and $150K),0.5826772,-113.409355,53.46748793,315624000.0,308527.8592
161,Minchau,0,High Income (Over $150K),0.1102362,-113.409355,53.46748793,315624000.0,308527.8592
162,Sherwood,0,Low Income (Less than $60K),0.4220183,-113.584151,53.52910762,134968000.0,270476.9539
163,Sherwood,0,Middle Class (between $60K and $150K),0.498471,-113.584151,53.52910762,134968000.0,270476.9539
164,Sherwood,0,High Income (Over $150K),0.0795107,-113.584151,53.52910762,134968000.0,270476.9539
165,Greenview,0,Low Income (Less than $60K),0.3695652,-113.42607690000001,53.47547512,350258500.0,344742.6181
166,Greenview,0,Middle Class (between $60K and $150K),0.48662209999999995,-113.42607690000001,53.47547512,350258500.0,344742.6181
167,Greenview,0,High Income (Over $150K),0.14381270000000002,-113.42607690000001,53.47547512,350258500.0,344742.6181
168,Greenfield,0,Low Income (Less than $60K),0.2626132,-113.5272449,53.47140954,563621000.0,392220.5985
169,Greenfield,0,Middle Class (between $60K and $150K),0.542044,-113.5272449,53.47140954,563621000.0,392220.5985
170,Greenfield,0,High Income (Over $150K),0.19534279999999998,-113.5272449,53.47140954,563621000.0,392220.5985
171,Sherbrooke,0,Low Income (Less than $60K),0.42171720000000007,-113.54746270000001,53.57622057,270000500.0,284211.0526
172,Sherbrooke,0,Middle Class (between $60K and $150K),0.4949495,-113.54746270000001,53.57622057,270000500.0,284211.0526
173,Sherbrooke,0,High Income (Over $150K),0.08333330000000001,-113.54746270000001,53.57622057,270000500.0,284211.0526
174,Dovercourt,0,Low Income (Less than $60K),0.3803787,-113.5592012,53.57511954,259260000.0,326113.2075
175,Dovercourt,0,Middle Class (between $60K and $150K),0.5008606,-113.5592012,53.57511954,259260000.0,326113.2075
176,Dovercourt,0,High Income (Over $150K),0.1187608,-113.5592012,53.57511954,259260000.0,326113.2075
177,Pleasantview,1,Low Income (Less than $60K),0.5877269,-113.5066133,53.49302206,551409500.0,315451.659
178,Pleasantview,1,Middle Class (between $60K and $150K),0.3370787,-113.5066133,53.49302206,551409500.0,315451.659
179,Pleasantview,1,High Income (Over $150K),0.07519450000000001,-113.5066133,53.49302206,551409500.0,315451.659
180,Lendrum Place,0,Low Income (Less than $60K),0.2022901,-113.5226884,53.49306525,273510000.0,407615.4993
181,Lendrum Place,0,Middle Class (between $60K and $150K),0.538168,-113.5226884,53.49306525,273510000.0,407615.4993
182,Lendrum Place,0,High Income (Over $150K),0.259542,-113.5226884,53.49306525,273510000.0,407615.4993
183,Meyonohk,0,Low Income (Less than $60K),0.40043290000000004,-113.4576966,53.45550891,296321500.0,265046.0644
184,Meyonohk,0,Middle Class (between $60K and $150K),0.521645,-113.4576966,53.45550891,296321500.0,265046.0644
185,Meyonohk,0,High Income (Over $150K),0.0779221,-113.4576966,53.45550891,296321500.0,265046.0644
186,Kameyosek,1,Low Income (Less than $60K),0.7004471,-113.4419311,53.46182135,225727000.0,237108.1933
187,Kameyosek,1,Middle Class (between $60K and $150K),0.2652757,-113.4419311,53.46182135,225727000.0,237108.1933
188,Kameyosek,1,High Income (Over $150K),0.0342772,-113.4419311,53.46182135,225727000.0,237108.1933
189,Tipaskan,1,Low Income (Less than $60K),0.5365496999999999,-113.45790149999999,53.46186194,210648000.0,253792.7711
190,Tipaskan,1,Middle Class (between $60K and $150K),0.4108187,-113.45790149999999,53.46186194,210648000.0,253792.7711
191,Tipaskan,1,High Income (Over $150K),0.0526316,-113.45790149999999,53.46186194,210648000.0,253792.7711
192,Westbrook Estates,0,Low Income (Less than $60K),0.2580645,-113.546124,53.46860773,357943500.0,1059004.438
193,Westbrook Estates,0,Middle Class (between $60K and $150K),0.2956989,-113.546124,53.46860773,357943500.0,1059004.438
194,Westbrook Estates,0,High Income (Over $150K),0.4462366,-113.546124,53.46860773,357943500.0,1059004.438
195,Mayfield,0,Low Income (Less than $60K),0.4561403,-113.59819990000001,53.55482760000001,257112500.0,294179.0618
196,Mayfield,0,Middle Class (between $60K and $150K),0.4561403,-113.59819990000001,53.55482760000001,257112500.0,294179.0618
197,Mayfield,0,High Income (Over $150K),0.0877193,-113.59819990000001,53.55482760000001,257112500.0,294179.0618
198,Michaels Park,0,Low Income (Less than $60K),0.3885135,-113.4467236,53.47942448,218521500.0,281963.2258
199,Michaels Park,0,Middle Class (between $60K and $150K),0.5168919,-113.4467236,53.47942448,218521500.0,281963.2258
200,Michaels Park,0,High Income (Over $150K),0.0945946,-113.4467236,53.47942448,218521500.0,281963.2258
201,McKernan,0,Low Income (Less than $60K),0.2625298,-113.52131580000001,53.51250279999999,506612000.0,538376.1955
202,McKernan,0,Middle Class (between $60K and $150K),0.3257757,-113.52131580000001,53.51250279999999,506612000.0,538376.1955
203,McKernan,0,High Income (Over $150K),0.41169449999999996,-113.52131580000001,53.51250279999999,506612000.0,538376.1955
204,Callingwood North,1,Low Income (Less than $60K),0.5660090999999999,-113.62330379999999,53.50801295,170632500.0,168943.0693
205,Callingwood North,1,Middle Class (between $60K and $150K),0.4112291,-113.62330379999999,53.50801295,170632500.0,168943.0693
206,Callingwood North,1,High Income (Over $150K),0.0227618,-113.62330379999999,53.50801295,170632500.0,168943.0693
207,Inglewood,1,Low Income (Less than $60K),0.5026153,-113.54072620000001,53.56446449,449698000.0,292962.8664
208,Inglewood,1,Middle Class (between $60K and $150K),0.31906799999999996,-113.54072620000001,53.56446449,449698000.0,292962.8664
209,Inglewood,1,High Income (Over $150K),0.17831670000000002,-113.54072620000001,53.56446449,449698000.0,292962.8664
210,Wild Rose,0,Low Income (Less than $60K),0.2625571,-113.38014040000002,53.47063258,983299500.0,367726.0658
211,Wild Rose,0,Middle Class (between $60K and $150K),0.5684931,-113.38014040000002,53.47063258,983299500.0,367726.0658
212,Wild Rose,0,High Income (Over $150K),0.16894979999999998,-113.38014040000002,53.47063258,983299500.0,367726.0658
213,Crestwood,0,Low Income (Less than $60K),0.2871094,-113.5694832,53.53488221,751200000.0,778445.5959
214,Crestwood,0,Middle Class (between $60K and $150K),0.328125,-113.5694832,53.53488221,751200000.0,778445.5959
215,Crestwood,0,High Income (Over $150K),0.3847656,-113.5694832,53.53488221,751200000.0,778445.5959
216,Larkspur,0,Low Income (Less than $60K),0.29547470000000003,-113.38401200000001,53.47985232,647994000.0,257140.4762
217,Larkspur,0,Middle Class (between $60K and $150K),0.5492458,-113.38401200000001,53.47985232,647994000.0,257140.4762
218,Larkspur,0,High Income (Over $150K),0.15527950000000001,-113.38401200000001,53.47985232,647994000.0,257140.4762
219,Weinlos,0,Low Income (Less than $60K),0.392638,-113.414208,53.46010956,322927000.0,287046.2222
220,Weinlos,0,Middle Class (between $60K and $150K),0.49386499999999994,-113.414208,53.46010956,322927000.0,287046.2222
221,Weinlos,0,High Income (Over $150K),0.11349690000000001,-113.414208,53.46010956,322927000.0,287046.2222
222,Rhatigan Ridge,0,Low Income (Less than $60K),0.128,-113.58849939999999,53.47484921,701389500.0,615794.1176
223,Rhatigan Ridge,0,Middle Class (between $60K and $150K),0.452,-113.58849939999999,53.47484921,701389500.0,615794.1176
224,Rhatigan Ridge,0,High Income (Over $150K),0.42,-113.58849939999999,53.47484921,701389500.0,615794.1176
225,Ramsay Heights,0,Low Income (Less than $60K),0.276971,-113.5794207,53.483315100000006,513752500.0,424238.2329
226,Ramsay Heights,0,Middle Class (between $60K and $150K),0.4595436,-113.5794207,53.483315100000006,513752500.0,424238.2329
227,Ramsay Heights,0,High Income (Over $150K),0.2634855,-113.5794207,53.483315100000006,513752500.0,424238.2329
228,Menisa,1,Low Income (Less than $60K),0.5363057,-113.4468409,53.44215756,292198500.0,332421.5017
229,Menisa,1,Middle Class (between $60K and $150K),0.3898089,-113.4468409,53.44215756,292198500.0,332421.5017
230,Menisa,1,High Income (Over $150K),0.07388539999999999,-113.4468409,53.44215756,292198500.0,332421.5017
231,Quesnell Heights,0,Low Income (Less than $60K),0.0212766,-113.5735975,53.50928373,114428500.0,829192.0290000001
232,Quesnell Heights,0,Middle Class (between $60K and $150K),0.4042553,-113.5735975,53.50928373,114428500.0,829192.0290000001
233,Quesnell Heights,0,High Income (Over $150K),0.5744680999999999,-113.5735975,53.50928373,114428500.0,829192.0290000001
234,Blue Quill Estates,0,Low Income (Less than $60K),0.35562309999999997,-113.5405993,53.45787976,180181000.0,492297.8142
235,Blue Quill Estates,0,Middle Class (between $60K and $150K),0.4832827,-113.5405993,53.45787976,180181000.0,492297.8142
236,Blue Quill Estates,0,High Income (Over $150K),0.1610942,-113.5405993,53.45787976,180181000.0,492297.8142
237,Miller,1,Low Income (Less than $60K),0.49065420000000004,-113.4127639,53.61083661,344231500.0,297778.1142
238,Miller,1,Middle Class (between $60K and $150K),0.453271,-113.4127639,53.61083661,344231500.0,297778.1142
239,Miller,1,High Income (Over $150K),0.05607480000000001,-113.4127639,53.61083661,344231500.0,297778.1142
240,Canora,1,Low Income (Less than $60K),0.624424,-113.584224,53.54619838,273935000.0,246344.4245
241,Canora,1,Middle Class (between $60K and $150K),0.34562209999999993,-113.584224,53.54619838,273935000.0,246344.4245
242,Canora,1,High Income (Over $150K),0.0299539,-113.584224,53.54619838,273935000.0,246344.4245
243,Falconer Heights,0,Low Income (Less than $60K),0.2737819,-113.5895186,53.46662481,310584000.0,453407.2993
244,Falconer Heights,0,Middle Class (between $60K and $150K),0.44779579999999997,-113.5895186,53.46662481,310584000.0,453407.2993
245,Falconer Heights,0,High Income (Over $150K),0.2784223,-113.5895186,53.46662481,310584000.0,453407.2993
246,Wellington,1,Low Income (Less than $60K),0.4779661,-113.5526223,53.59585934,292769000.0,281508.6538
247,Wellington,1,Middle Class (between $60K and $150K),0.4728813,-113.5526223,53.59585934,292769000.0,281508.6538
248,Wellington,1,High Income (Over $150K),0.049152499999999995,-113.5526223,53.59585934,292769000.0,281508.6538
249,Terra Losa,1,Low Income (Less than $60K),0.5739484,-113.62286399999999,53.533745999999994,271391500.0,145362.346
250,Terra Losa,1,Middle Class (between $60K and $150K),0.38398920000000003,-113.62286399999999,53.533745999999994,271391500.0,145362.346
251,Terra Losa,1,High Income (Over $150K),0.0420624,-113.62286399999999,53.533745999999994,271391500.0,145362.346
252,West Jasper Place,1,Low Income (Less than $60K),0.7527559,-113.5841405,53.53641463,223837500.0,295690.2246
253,West Jasper Place,1,Middle Class (between $60K and $150K),0.20787399999999998,-113.5841405,53.53641463,223837500.0,295690.2246
254,West Jasper Place,1,High Income (Over $150K),0.0393701,-113.5841405,53.53641463,223837500.0,295690.2246
255,West Meadowlark Park,1,Low Income (Less than $60K),0.4888889,-113.6090413,53.52559308,277366500.0,260193.7148
256,West Meadowlark Park,1,Middle Class (between $60K and $150K),0.46666670000000005,-113.6090413,53.52559308,277366500.0,260193.7148
257,West Meadowlark Park,1,High Income (Over $150K),0.0444444,-113.6090413,53.52559308,277366500.0,260193.7148
258,Westview Village,1,Low Income (Less than $60K),0.5738161999999999,-113.6978071,53.55247662,62164000.0,58867.42424
259,Westview Village,1,Middle Class (between $60K and $150K),0.4094708,-113.6978071,53.55247662,62164000.0,58867.42424
260,Westview Village,1,High Income (Over $150K),0.016713099999999998,-113.6978071,53.55247662,62164000.0,58867.42424
261,Evergreen,1,Low Income (Less than $60K),0.5951417,-113.35042450000002,53.63224635,37590500.0,54956.87135
262,Evergreen,1,Middle Class (between $60K and $150K),0.38461540000000005,-113.35042450000002,53.63224635,37590500.0,54956.87135
263,Evergreen,1,High Income (Over $150K),0.0202429,-113.35042450000002,53.63224635,37590500.0,54956.87135
264,Glenora,0,Low Income (Less than $60K),0.2240527,-113.5556936,53.545097999999996,1014113000.0,664121.1526
265,Glenora,0,Middle Class (between $60K and $150K),0.4003295,-113.5556936,53.545097999999996,1014113000.0,664121.1526
266,Glenora,0,High Income (Over $150K),0.3756178,-113.5556936,53.545097999999996,1014113000.0,664121.1526
267,Blue Quill,1,Low Income (Less than $60K),0.5556781,-113.52641080000001,53.4577798,340367500.0,311406.6789
268,Blue Quill,1,Middle Class (between $60K and $150K),0.3528115,-113.52641080000001,53.4577798,340367500.0,311406.6789
269,Blue Quill,1,High Income (Over $150K),0.09151050000000001,-113.52641080000001,53.4577798,340367500.0,311406.6789
270,Hodgson,0,Low Income (Less than $60K),0.2163833,-113.55962279999999,53.45762676,517380000.0,356813.7931
271,Hodgson,0,Middle Class (between $60K and $150K),0.44667700000000005,-113.55962279999999,53.45762676,517380000.0,356813.7931
272,Hodgson,0,High Income (Over $150K),0.3369397,-113.55962279999999,53.45762676,517380000.0,356813.7931
273,Rideau Park,1,Low Income (Less than $60K),0.5782918,-113.5075932,53.47896092,173093500.0,234544.0379
274,Rideau Park,1,Middle Class (between $60K and $150K),0.3469751,-113.5075932,53.47896092,173093500.0,234544.0379
275,Rideau Park,1,High Income (Over $150K),0.0747331,-113.5075932,53.47896092,173093500.0,234544.0379
276,Duggan,0,Low Income (Less than $60K),0.4157105,-113.50611699999999,53.47175253,445493500.0,365158.6066
277,Duggan,0,Middle Class (between $60K and $150K),0.4757282,-113.50611699999999,53.47175253,445493500.0,365158.6066
278,Duggan,0,High Income (Over $150K),0.1085613,-113.50611699999999,53.47175253,445493500.0,365158.6066
279,Hairsine,1,Low Income (Less than $60K),0.544484,-113.39044469999999,53.60378749,184608500.0,222152.2262
280,Hairsine,1,Middle Class (between $60K and $150K),0.40569390000000005,-113.39044469999999,53.60378749,184608500.0,222152.2262
281,Hairsine,1,High Income (Over $150K),0.0498221,-113.39044469999999,53.60378749,184608500.0,222152.2262
282,Richford,0,Low Income (Less than $60K),0.2971698,-113.5076311,53.42694161,204801500.0,308901.2066
283,Richford,0,Middle Class (between $60K and $150K),0.4575472,-113.5076311,53.42694161,204801500.0,308901.2066
284,Richford,0,High Income (Over $150K),0.245283,-113.5076311,53.42694161,204801500.0,308901.2066
285,Parkdale,1,Low Income (Less than $60K),0.6328767,-113.470973,53.56628899,316566500.0,218472.3948
286,Parkdale,1,Middle Class (between $60K and $150K),0.3520548,-113.470973,53.56628899,316566500.0,218472.3948
287,Parkdale,1,High Income (Over $150K),0.0150685,-113.470973,53.56628899,316566500.0,218472.3948
288,Bannerman,0,Low Income (Less than $60K),0.4556541,-113.37910500000001,53.60374921,275979000.0,236891.8455
289,Bannerman,0,Middle Class (between $60K and $150K),0.481153,-113.37910500000001,53.60374921,275979000.0,236891.8455
290,Bannerman,0,High Income (Over $150K),0.0631929,-113.37910500000001,53.60374921,275979000.0,236891.8455
291,Belle Rive,0,Low Income (Less than $60K),0.3496296,-113.4736053,53.62223228,492326500.0,415115.0927
292,Belle Rive,0,Middle Class (between $60K and $150K),0.5051852,-113.4736053,53.62223228,492326500.0,415115.0927
293,Belle Rive,0,High Income (Over $150K),0.14518520000000001,-113.4736053,53.62223228,492326500.0,415115.0927
294,Skyrattler,0,Low Income (Less than $60K),0.44822700000000004,-113.5233281,53.45122862,212043500.0,223203.6842
295,Skyrattler,0,Middle Class (between $60K and $150K),0.4780142,-113.5233281,53.45122862,212043500.0,223203.6842
296,Skyrattler,0,High Income (Over $150K),0.07375889999999999,-113.5233281,53.45122862,212043500.0,223203.6842
297,Bisset,0,Low Income (Less than $60K),0.44651949999999996,-113.400531,53.45887671,334012000.0,276958.5406
298,Bisset,0,Middle Class (between $60K and $150K),0.4872665,-113.400531,53.45887671,334012000.0,276958.5406
299,Bisset,0,High Income (Over $150K),0.06621389999999999,-113.400531,53.45887671,334012000.0,276958.5406
300,CPR Irvine,0,Low Income (Less than $60K),0.22033899999999998,-113.49022430000001,53.50763661,258500.0,258500.0
301,CPR Irvine,0,Middle Class (between $60K and $150K),0.5593220999999999,-113.49022430000001,53.50763661,258500.0,258500.0
302,CPR Irvine,0,High Income (Over $150K),0.22033899999999998,-113.49022430000001,53.50763661,258500.0,258500.0
303,Royal Gardens,0,Low Income (Less than $60K),0.45261670000000004,-113.52797620000001,53.47963417,318175000.0,274288.7931
304,Royal Gardens,0,Middle Class (between $60K and $150K),0.45686000000000004,-113.52797620000001,53.47963417,318175000.0,274288.7931
305,Royal Gardens,0,High Income (Over $150K),0.0905233,-113.52797620000001,53.47963417,318175000.0,274288.7931
306,Tawa,1,Low Income (Less than $60K),0.5354167,-113.42812479999999,53.46222525,203954500.0,178907.4561
307,Tawa,1,Middle Class (between $60K and $150K),0.42291670000000003,-113.42812479999999,53.46222525,203954500.0,178907.4561
308,Tawa,1,High Income (Over $150K),0.041666699999999994,-113.42812479999999,53.46222525,203954500.0,178907.4561
309,Ekota,0,Low Income (Less than $60K),0.4359673,-113.4427031,53.44949262,236972500.0,295476.9327
310,Ekota,0,Middle Class (between $60K and $150K),0.4550409000000001,-113.4427031,53.44949262,236972500.0,295476.9327
311,Ekota,0,High Income (Over $150K),0.10899180000000001,-113.4427031,53.44949262,236972500.0,295476.9327
312,Satoo,0,Low Income (Less than $60K),0.3357349,-113.45899650000001,53.44664173,370959000.0,302576.6721
313,Satoo,0,Middle Class (between $60K and $150K),0.573487,-113.45899650000001,53.44664173,370959000.0,302576.6721
314,Satoo,0,High Income (Over $150K),0.0907781,-113.45899650000001,53.44664173,370959000.0,302576.6721
315,Canon Ridge,0,Low Income (Less than $60K),0.29629629999999996,-113.37888999999998,53.57872578,189593500.0,142551.5038
316,Canon Ridge,0,Middle Class (between $60K and $150K),0.6237816999999999,-113.37888999999998,53.57872578,189593500.0,142551.5038
317,Canon Ridge,0,High Income (Over $150K),0.079922,-113.37888999999998,53.57872578,189593500.0,142551.5038
318,Kiniski Gardens,0,Low Income (Less than $60K),0.2506063,-113.4012067,53.47502989,758761000.0,341784.2342
319,Kiniski Gardens,0,Middle Class (between $60K and $150K),0.6095392,-113.4012067,53.47502989,758761000.0,341784.2342
320,Kiniski Gardens,0,High Income (Over $150K),0.13985450000000002,-113.4012067,53.47502989,758761000.0,341784.2342
321,Blackmud Creek,0,Low Income (Less than $60K),0.1822095,-113.51094750000001,53.42036693,458194000.0,347643.3991
322,Blackmud Creek,0,Middle Class (between $60K and $150K),0.5021521,-113.51094750000001,53.42036693,458194000.0,347643.3991
323,Blackmud Creek,0,High Income (Over $150K),0.31563850000000004,-113.51094750000001,53.42036693,458194000.0,347643.3991
324,Ellerslie,0,Low Income (Less than $60K),0.24545450000000002,-113.4572681,53.42842592,683313000.0,283062.5518
325,Ellerslie,0,Middle Class (between $60K and $150K),0.6480520000000001,-113.4572681,53.42842592,683313000.0,283062.5518
326,Ellerslie,0,High Income (Over $150K),0.10649349999999999,-113.4572681,53.42842592,683313000.0,283062.5518
327,Blackburne,0,Low Income (Less than $60K),0.274359,-113.5025537,53.43010574,253284500.0,387878.2542
328,Blackburne,0,Middle Class (between $60K and $150K),0.4769231,-113.5025537,53.43010574,253284500.0,387878.2542
329,Blackburne,0,High Income (Over $150K),0.24871790000000002,-113.5025537,53.43010574,253284500.0,387878.2542
330,Virginia Park,1,Low Income (Less than $60K),0.8185053000000001,-113.4522807,53.56141274,84604000.0,410699.0291
331,Virginia Park,1,Middle Class (between $60K and $150K),0.1316726,-113.4522807,53.56141274,84604000.0,410699.0291
332,Virginia Park,1,High Income (Over $150K),0.0498221,-113.4522807,53.56141274,84604000.0,410699.0291
333,La Perle,1,Low Income (Less than $60K),0.47111909999999996,-113.6398108,53.53339967,507173000.0,306634.2201
334,La Perle,1,Middle Class (between $60K and $150K),0.4395307,-113.6398108,53.53339967,507173000.0,306634.2201
335,La Perle,1,High Income (Over $150K),0.08935019999999999,-113.6398108,53.53339967,507173000.0,306634.2201
336,Lymburn,0,Low Income (Less than $60K),0.3370242,-113.64215859999999,53.50753746,643265500.0,307635.3419
337,Lymburn,0,Middle Class (between $60K and $150K),0.5404844,-113.64215859999999,53.50753746,643265500.0,307635.3419
338,Lymburn,0,High Income (Over $150K),0.1224914,-113.64215859999999,53.50753746,643265500.0,307635.3419
339,Gariepy,1,Low Income (Less than $60K),0.5115681,-113.62245449999999,53.49377143,335295000.0,441758.8933
340,Gariepy,1,Middle Class (between $60K and $150K),0.3264782,-113.62245449999999,53.49377143,335295000.0,441758.8933
341,Gariepy,1,High Income (Over $150K),0.1619537,-113.62245449999999,53.49377143,335295000.0,441758.8933
342,Henderson Estates,0,Low Income (Less than $60K),0.12371130000000001,-113.59851200000001,53.4676569,450974000.0,720405.7508
343,Henderson Estates,0,Middle Class (between $60K and $150K),0.4097938,-113.59851200000001,53.4676569,450974000.0,720405.7508
344,Henderson Estates,0,High Income (Over $150K),0.46649490000000005,-113.59851200000001,53.4676569,450974000.0,720405.7508
345,MacEwan,0,Low Income (Less than $60K),0.29316240000000005,-113.5274048,53.42844755,748988500.0,245973.2348
346,MacEwan,0,Middle Class (between $60K and $150K),0.5769231,-113.5274048,53.42844755,748988500.0,245973.2348
347,MacEwan,0,High Income (Over $150K),0.1299145,-113.5274048,53.42844755,748988500.0,245973.2348
348,Central McDougall,1,Low Income (Less than $60K),0.8170446,-113.5010402,53.55335856,170294000.0,155377.7372
349,Central McDougall,1,Middle Class (between $60K and $150K),0.1727912,-113.5010402,53.55335856,170294000.0,155377.7372
350,Central McDougall,1,High Income (Over $150K),0.010164200000000002,-113.5010402,53.55335856,170294000.0,155377.7372
351,Oliver,1,Low Income (Less than $60K),0.5227312,-113.5215616,53.54245103,1936671000.0,170181.9859
352,Oliver,1,Middle Class (between $60K and $150K),0.4008643,-113.5215616,53.54245103,1936671000.0,170181.9859
353,Oliver,1,High Income (Over $150K),0.0764045,-113.5215616,53.54245103,1936671000.0,170181.9859
354,Boyle Street,1,Low Income (Less than $60K),0.7294444,-113.47880740000001,53.54886162,223975000.0,127475.811
355,Boyle Street,1,Middle Class (between $60K and $150K),0.2394444,-113.47880740000001,53.54886162,223975000.0,127475.811
356,Boyle Street,1,High Income (Over $150K),0.0311111,-113.47880740000001,53.54886162,223975000.0,127475.811
357,Webber Greens,0,Low Income (Less than $60K),0.1468254,-113.6762102,53.53075966,366654000.0,456037.3134
358,Webber Greens,0,Middle Class (between $60K and $150K),0.6190475999999999,-113.6762102,53.53075966,366654000.0,456037.3134
359,Webber Greens,0,High Income (Over $150K),0.234127,-113.6762102,53.53075966,366654000.0,456037.3134
360,Ritchie,0,Low Income (Less than $60K),0.39741750000000003,-113.4809402,53.51304527,673862000.0,288468.3219
361,Ritchie,0,Middle Class (between $60K and $150K),0.4791965,-113.4809402,53.51304527,673862000.0,288468.3219
362,Ritchie,0,High Income (Over $150K),0.12338589999999999,-113.4809402,53.51304527,673862000.0,288468.3219
363,Malmo Plains,0,Low Income (Less than $60K),0.4027304,-113.5290203,53.48566139,304769000.0,347117.3121
364,Malmo Plains,0,Middle Class (between $60K and $150K),0.45733789999999996,-113.5290203,53.48566139,304769000.0,347117.3121
365,Malmo Plains,0,High Income (Over $150K),0.1399317,-113.5290203,53.48566139,304769000.0,347117.3121
366,McLeod,0,Low Income (Less than $60K),0.440367,-113.4368199,53.61052049,295393500.0,330417.7852
367,McLeod,0,Middle Class (between $60K and $150K),0.4678899,-113.4368199,53.61052049,295393500.0,330417.7852
368,McLeod,0,High Income (Over $150K),0.09174310000000001,-113.4368199,53.61052049,295393500.0,330417.7852
369,Griesbach,0,Low Income (Less than $60K),0.2545156,-113.50427690000001,53.60678585,769092000.0,384738.3692
370,Griesbach,0,Middle Class (between $60K and $150K),0.500821,-113.50427690000001,53.60678585,769092000.0,384738.3692
371,Griesbach,0,High Income (Over $150K),0.2446634,-113.50427690000001,53.60678585,769092000.0,384738.3692
372,Holyrood,0,Low Income (Less than $60K),0.3242812,-113.4499804,53.53124577,455540500.0,411509.0334
373,Holyrood,0,Middle Class (between $60K and $150K),0.5031949,-113.4499804,53.53124577,455540500.0,411509.0334
374,Holyrood,0,High Income (Over $150K),0.172524,-113.4499804,53.53124577,455540500.0,411509.0334
375,Hollick-Kenyon,0,Low Income (Less than $60K),0.2566845,-113.42250109999999,53.62263175,701011000.0,348761.6915
376,Hollick-Kenyon,0,Middle Class (between $60K and $150K),0.5668449000000001,-113.42250109999999,53.62263175,701011000.0,348761.6915
377,Hollick-Kenyon,0,High Income (Over $150K),0.1764706,-113.42250109999999,53.62263175,701011000.0,348761.6915
378,Carter Crest,0,Low Income (Less than $60K),0.1340996,-113.57796909999999,53.46393864,321354500.0,506868.2965
379,Carter Crest,0,Middle Class (between $60K and $150K),0.4597701,-113.57796909999999,53.46393864,321354500.0,506868.2965
380,Carter Crest,0,High Income (Over $150K),0.4061303,-113.57796909999999,53.46393864,321354500.0,506868.2965
381,Tamarack,0,Low Income (Less than $60K),0.3670213,-113.3622033,53.4666723,618571000.0,380893.4729
382,Tamarack,0,Middle Class (between $60K and $150K),0.5170213,-113.3622033,53.4666723,618571000.0,380893.4729
383,Tamarack,0,High Income (Over $150K),0.11595739999999999,-113.3622033,53.4666723,618571000.0,380893.4729
384,Maple,0,Low Income (Less than $60K),0.22274879999999997,-113.3514757,53.47421661,357210000.0,357925.8517
385,Maple,0,Middle Class (between $60K and $150K),0.6018956999999999,-113.3514757,53.47421661,357210000.0,357925.8517
386,Maple,0,High Income (Over $150K),0.1753554,-113.3514757,53.47421661,357210000.0,357925.8517
387,Keheewin,0,Low Income (Less than $60K),0.40769229999999995,-113.5044399,53.45035332,382136000.0,315033.8005
388,Keheewin,0,Middle Class (between $60K and $150K),0.46346149999999997,-113.5044399,53.45035332,382136000.0,315033.8005
389,Keheewin,0,High Income (Over $150K),0.1288462,-113.5044399,53.45035332,382136000.0,315033.8005
390,Westmount,0,Low Income (Less than $60K),0.38092270000000006,-113.5400735,53.55222673,965121000.0,287580.7509
391,Westmount,0,Middle Class (between $60K and $150K),0.4314215,-113.5400735,53.55222673,965121000.0,287580.7509
392,Westmount,0,High Income (Over $150K),0.1876559,-113.5400735,53.55222673,965121000.0,287580.7509
393,Kilkenny,1,Low Income (Less than $60K),0.5145915,-113.45457520000001,53.61101072,471571500.0,288599.4492
394,Kilkenny,1,Middle Class (between $60K and $150K),0.4202335,-113.45457520000001,53.61101072,471571500.0,288599.4492
395,Kilkenny,1,High Income (Over $150K),0.0651751,-113.45457520000001,53.61101072,471571500.0,288599.4492
396,Rutherford,0,Low Income (Less than $60K),0.2308762,-113.52989109999999,53.41833397,1523373000.0,286941.6086
397,Rutherford,0,Middle Class (between $60K and $150K),0.5609643,-113.52989109999999,53.41833397,1523373000.0,286941.6086
398,Rutherford,0,High Income (Over $150K),0.20815949999999997,-113.52989109999999,53.41833397,1523373000.0,286941.6086
399,Mayliewan,0,Low Income (Less than $60K),0.2644135,-113.4610565,53.622339100000005,552508500.0,425989.5914
400,Mayliewan,0,Middle Class (between $60K and $150K),0.5188867,-113.4610565,53.622339100000005,552508500.0,425989.5914
401,Mayliewan,0,High Income (Over $150K),0.2166998,-113.4610565,53.622339100000005,552508500.0,425989.5914
402,Caernarvon,0,Low Income (Less than $60K),0.44684129999999994,-113.52735559999999,53.61162807,395036500.0,267821.3559
403,Caernarvon,0,Middle Class (between $60K and $150K),0.5007704000000001,-113.52735559999999,53.61162807,395036500.0,267821.3559
404,Caernarvon,0,High Income (Over $150K),0.052388300000000006,-113.52735559999999,53.61162807,395036500.0,267821.3559
405,Laurier Heights,0,Low Income (Less than $60K),0.21329210000000004,-113.5656806,53.5153327,642697500.0,611510.4662
406,Laurier Heights,0,Middle Class (between $60K and $150K),0.41267390000000004,-113.5656806,53.5153327,642697500.0,611510.4662
407,Laurier Heights,0,High Income (Over $150K),0.37403400000000003,-113.5656806,53.5153327,642697500.0,611510.4662
408,Windsor Park,0,Low Income (Less than $60K),0.1153846,-113.5354746,53.52462937,556601500.0,958006.0241
409,Windsor Park,0,Middle Class (between $60K and $150K),0.4769231,-113.5354746,53.52462937,556601500.0,958006.0241
410,Windsor Park,0,High Income (Over $150K),0.40769229999999995,-113.5354746,53.52462937,556601500.0,958006.0241
411,Lewis Farms Industrial,0,Low Income (Less than $60K),0.3333333,-113.6800457,53.53651669,21863000.0,753896.5517
412,Lewis Farms Industrial,0,Middle Class (between $60K and $150K),0.3333333,-113.6800457,53.53651669,21863000.0,753896.5517
413,Lewis Farms Industrial,0,High Income (Over $150K),0.3333333,-113.6800457,53.53651669,21863000.0,753896.5517
414,Queen Mary Park,1,Low Income (Less than $60K),0.6803796999999999,-113.519659,53.55343516,460248500.0,154342.22
415,Queen Mary Park,1,Middle Class (between $60K and $150K),0.2791139,-113.519659,53.55343516,460248500.0,154342.22
416,Queen Mary Park,1,High Income (Over $150K),0.0405063,-113.519659,53.55343516,460248500.0,154342.22
417,Paisley,0,Low Income (Less than $60K),0.1351351,-113.55927129999999,53.41401306,222863500.0,358878.4219
418,Paisley,0,Middle Class (between $60K and $150K),0.6756757,-113.55927129999999,53.41401306,222863500.0,358878.4219
419,Paisley,0,High Income (Over $150K),0.1891892,-113.55927129999999,53.41401306,222863500.0,358878.4219
420,Graydon Hill,0,Low Income (Less than $60K),0.1818182,-113.55929340000002,53.42125969,96021000.0,316900.9901
421,Graydon Hill,0,Middle Class (between $60K and $150K),0.5,-113.55929340000002,53.42125969,96021000.0,316900.9901
422,Graydon Hill,0,High Income (Over $150K),0.31818179999999996,-113.55929340000002,53.42125969,96021000.0,316900.9901
423,Charlesworth,0,Low Income (Less than $60K),0.2293666,-113.4181899,53.4285564,742164500.0,325225.4601
424,Charlesworth,0,Middle Class (between $60K and $150K),0.6017274,-113.4181899,53.4285564,742164500.0,325225.4601
425,Charlesworth,0,High Income (Over $150K),0.1689059,-113.4181899,53.4285564,742164500.0,325225.4601
426,Belvedere,1,Low Income (Less than $60K),0.6335227,-113.43428119999999,53.59369371,396409000.0,192618.5617
427,Belvedere,1,Middle Class (between $60K and $150K),0.3323864,-113.43428119999999,53.59369371,396409000.0,192618.5617
428,Belvedere,1,High Income (Over $150K),0.0340909,-113.43428119999999,53.59369371,396409000.0,192618.5617
429,Brintnell,0,Low Income (Less than $60K),0.15922329999999998,-113.40732340000002,53.62141373,700875500.0,398451.1086
430,Brintnell,0,Middle Class (between $60K and $150K),0.6,-113.40732340000002,53.62141373,700875500.0,398451.1086
431,Brintnell,0,High Income (Over $150K),0.24077670000000004,-113.40732340000002,53.62141373,700875500.0,398451.1086
432,Walker,0,Low Income (Less than $60K),0.35474190000000005,-113.4304074,53.41764863,1310315500.0,302055.2098
433,Walker,0,Middle Class (between $60K and $150K),0.5420168000000001,-113.4304074,53.41764863,1310315500.0,302055.2098
434,Walker,0,High Income (Over $150K),0.1032413,-113.4304074,53.41764863,1310315500.0,302055.2098
435,Donsdale,0,Low Income (Less than $60K),0.101626,-113.63544089999999,53.48499868,413672500.0,681503.2949
436,Donsdale,0,Middle Class (between $60K and $150K),0.3211382,-113.63544089999999,53.48499868,413672500.0,681503.2949
437,Donsdale,0,High Income (Over $150K),0.5772358,-113.63544089999999,53.48499868,413672500.0,681503.2949
438,Westridge,0,Low Income (Less than $60K),0.0730594,-113.60538059999999,53.50624298,313057500.0,563053.0576
439,Westridge,0,Middle Class (between $60K and $150K),0.44748859999999996,-113.60538059999999,53.50624298,313057500.0,563053.0576
440,Westridge,0,High Income (Over $150K),0.47945200000000004,-113.60538059999999,53.50624298,313057500.0,563053.0576
441,Rosenthal,0,Low Income (Less than $60K),0.1557377,-113.7012239,53.51939493,530341500.0,293818.0055
442,Rosenthal,0,Middle Class (between $60K and $150K),0.6680328000000001,-113.7012239,53.51939493,530341500.0,293818.0055
443,Rosenthal,0,High Income (Over $150K),0.1762295,-113.7012239,53.51939493,530341500.0,293818.0055
444,Secord,1,Low Income (Less than $60K),0.47286819999999996,-113.7013298,53.53394277,788997000.0,361262.3626
445,Secord,1,Middle Class (between $60K and $150K),0.3656331,-113.7013298,53.53394277,788997000.0,361262.3626
446,Secord,1,High Income (Over $150K),0.1614987,-113.7013298,53.53394277,788997000.0,361262.3626
447,Suder Greens,0,Low Income (Less than $60K),0.2339833,-113.67907179999999,53.52479871,433998500.0,335133.9768
448,Suder Greens,0,Middle Class (between $60K and $150K),0.5612813,-113.67907179999999,53.52479871,433998500.0,335133.9768
449,Suder Greens,0,High Income (Over $150K),0.2047354,-113.67907179999999,53.52479871,433998500.0,335133.9768
450,Terrace Heights,1,Low Income (Less than $60K),0.49353450000000004,-113.43642109999999,53.54112943,220707000.0,329905.8296
451,Terrace Heights,1,Middle Class (between $60K and $150K),0.3728448,-113.43642109999999,53.54112943,220707000.0,329905.8296
452,Terrace Heights,1,High Income (Over $150K),0.1336207,-113.43642109999999,53.54112943,220707000.0,329905.8296
453,Avonmore,1,Low Income (Less than $60K),0.5030675,-113.4525428,53.50900834,357283500.0,345201.4493
454,Avonmore,1,Middle Class (between $60K and $150K),0.38036809999999993,-113.4525428,53.50900834,357283500.0,345201.4493
455,Avonmore,1,High Income (Over $150K),0.1165644,-113.4525428,53.50900834,357283500.0,345201.4493
456,Cumberland,0,Low Income (Less than $60K),0.1721312,-113.5519406,53.61098539,734571000.0,323457.0674
457,Cumberland,0,Middle Class (between $60K and $150K),0.6362705,-113.5519406,53.61098539,734571000.0,323457.0674
458,Cumberland,0,High Income (Over $150K),0.1915984,-113.5519406,53.61098539,734571000.0,323457.0674
459,Dunluce,1,Low Income (Less than $60K),0.47229790000000005,-113.5286687,53.62239887,536925000.0,272689.1823
460,Dunluce,1,Middle Class (between $60K and $150K),0.4568574000000001,-113.5286687,53.62239887,536925000.0,272689.1823
461,Dunluce,1,High Income (Over $150K),0.0708447,-113.5286687,53.62239887,536925000.0,272689.1823
462,Lorelei,1,Low Income (Less than $60K),0.5232323,-113.50326499999998,53.62487718,368322500.0,277769.6078
463,Lorelei,1,Middle Class (between $60K and $150K),0.4191919,-113.50326499999998,53.62487718,368322500.0,277769.6078
464,Lorelei,1,High Income (Over $150K),0.0575758,-113.50326499999998,53.62487718,368322500.0,277769.6078
465,Beaumaris,1,Low Income (Less than $60K),0.4575071,-113.5052494,53.61795358,515656000.0,294660.5714
466,Beaumaris,1,Middle Class (between $60K and $150K),0.427762,-113.5052494,53.61795358,515656000.0,294660.5714
467,Beaumaris,1,High Income (Over $150K),0.1147309,-113.5052494,53.61795358,515656000.0,294660.5714
468,Bulyea Heights,0,Low Income (Less than $60K),0.1497326,-113.56948020000002,53.47497062,685632000.0,556068.1265
469,Bulyea Heights,0,Middle Class (between $60K and $150K),0.4358289000000001,-113.56948020000002,53.47497062,685632000.0,556068.1265
470,Bulyea Heights,0,High Income (Over $150K),0.41443850000000004,-113.56948020000002,53.47497062,685632000.0,556068.1265
471,Callaghan,0,Low Income (Less than $60K),0.2032967,-113.5263741,53.40798516,498663000.0,439738.0952
472,Callaghan,0,Middle Class (between $60K and $150K),0.5695971,-113.5263741,53.40798516,498663000.0,439738.0952
473,Callaghan,0,High Income (Over $150K),0.22710619999999998,-113.5263741,53.40798516,498663000.0,439738.0952
474,Elsinore,0,Low Income (Less than $60K),0.2201835,-113.4990744,53.64033272,347427000.0,406347.3684
475,Elsinore,0,Middle Class (between $60K and $150K),0.5688074000000001,-113.4990744,53.64033272,347427000.0,406347.3684
476,Elsinore,0,High Income (Over $150K),0.2110092,-113.4990744,53.64033272,347427000.0,406347.3684
477,Stewart Greens,0,Low Income (Less than $60K),0.05,-113.67016059999999,53.53744347,128120500.0,478061.5672
478,Stewart Greens,0,Middle Class (between $60K and $150K),0.725,-113.67016059999999,53.53744347,128120500.0,478061.5672
479,Stewart Greens,0,High Income (Over $150K),0.225,-113.67016059999999,53.53744347,128120500.0,478061.5672
480,Clareview Town Centre,0,Low Income (Less than $60K),0.4276316,-113.4070985,53.60195993,350373500.0,149860.3507
481,Clareview Town Centre,0,Middle Class (between $60K and $150K),0.5148026,-113.4070985,53.60195993,350373500.0,149860.3507
482,Clareview Town Centre,0,High Income (Over $150K),0.0575658,-113.4070985,53.60195993,350373500.0,149860.3507
483,Sifton Park,0,Low Income (Less than $60K),0.46202529999999997,-113.40834679999999,53.59444386,113922500.0,273195.4436
484,Sifton Park,0,Middle Class (between $60K and $150K),0.47468359999999993,-113.40834679999999,53.59444386,113922500.0,273195.4436
485,Sifton Park,0,High Income (Over $150K),0.06329109999999999,-113.40834679999999,53.59444386,113922500.0,273195.4436
486,Elmwood Park,1,Low Income (Less than $60K),0.6188524000000001,-113.4613196,53.57977515,104146500.0,253397.8102
487,Elmwood Park,1,Middle Class (between $60K and $150K),0.3401639,-113.4613196,53.57977515,104146500.0,253397.8102
488,Elmwood Park,1,High Income (Over $150K),0.0409836,-113.4613196,53.57977515,104146500.0,253397.8102
489,Patricia Heights,0,Low Income (Less than $60K),0.2421875,-113.5974685,53.50926872,207342000.0,466986.4865
490,Patricia Heights,0,Middle Class (between $60K and $150K),0.4765625,-113.5974685,53.50926872,207342000.0,466986.4865
491,Patricia Heights,0,High Income (Over $150K),0.28125,-113.5974685,53.50926872,207342000.0,466986.4865
492,Baturyn,0,Low Income (Less than $60K),0.3070018,-113.50495009999999,53.63209821,502045500.0,302801.8697
493,Baturyn,0,Middle Class (between $60K and $150K),0.6265708999999999,-113.50495009999999,53.63209821,502045500.0,302801.8697
494,Baturyn,0,High Income (Over $150K),0.06642730000000001,-113.50495009999999,53.63209821,502045500.0,302801.8697
495,Carlisle,1,Low Income (Less than $60K),0.47356049999999994,-113.52534809999999,53.6035551,332913500.0,298845.1526
496,Carlisle,1,Middle Class (between $60K and $150K),0.4653349,-113.52534809999999,53.6035551,332913500.0,298845.1526
497,Carlisle,1,High Income (Over $150K),0.061104599999999995,-113.52534809999999,53.6035551,332913500.0,298845.1526
498,Pollard Meadows,1,Low Income (Less than $60K),0.5468114000000001,-113.4119871,53.44909015,361883500.0,262234.4203
499,Pollard Meadows,1,Middle Class (between $60K and $150K),0.4165536,-113.4119871,53.44909015,361883500.0,262234.4203
500,Pollard Meadows,1,High Income (Over $150K),0.036635,-113.4119871,53.44909015,361883500.0,262234.4203
501,Sakaw,1,Low Income (Less than $60K),0.5701219,-113.4287703,53.44179712,379491000.0,311824.9795
502,Sakaw,1,Middle Class (between $60K and $150K),0.3668699,-113.4287703,53.44179712,379491000.0,311824.9795
503,Sakaw,1,High Income (Over $150K),0.0630081,-113.4287703,53.44179712,379491000.0,311824.9795
504,Beverly Heights,1,Low Income (Less than $60K),0.7333333000000001,-113.4043685,53.56612294,393911500.0,326626.4511
505,Beverly Heights,1,Middle Class (between $60K and $150K),0.2345679,-113.4043685,53.56612294,393911500.0,326626.4511
506,Beverly Heights,1,High Income (Over $150K),0.0320988,-113.4043685,53.56612294,393911500.0,326626.4511
507,Kensington,1,Low Income (Less than $60K),0.5232775,-113.5288547,53.59582726,409985000.0,284316.9209
508,Kensington,1,Middle Class (between $60K and $150K),0.4227188,-113.5288547,53.59582726,409985000.0,284316.9209
509,Kensington,1,High Income (Over $150K),0.054003699999999995,-113.5288547,53.59582726,409985000.0,284316.9209
510,Albany,0,Low Income (Less than $60K),0.3333333,-113.54977590000001,53.63171962,199965000.0,195660.4697
511,Albany,0,Middle Class (between $60K and $150K),0.5151515,-113.54977590000001,53.63171962,199965000.0,195660.4697
512,Albany,0,High Income (Over $150K),0.15151520000000002,-113.54977590000001,53.63171962,199965000.0,195660.4697
513,Crawford Plains,0,Low Income (Less than $60K),0.2850123,-113.40693229999998,53.44122537,431810000.0,309763.2712
514,Crawford Plains,0,Middle Class (between $60K and $150K),0.6093366,-113.40693229999998,53.44122537,431810000.0,309763.2712
515,Crawford Plains,0,High Income (Over $150K),0.1056511,-113.40693229999998,53.44122537,431810000.0,309763.2712
516,Argyll,0,Low Income (Less than $60K),0.3282443,-113.4612126,53.50249461,127897500.0,371795.0581
517,Argyll,0,Middle Class (between $60K and $150K),0.5496183000000001,-113.4612126,53.50249461,127897500.0,371795.0581
518,Argyll,0,High Income (Over $150K),0.12213740000000001,-113.4612126,53.50249461,127897500.0,371795.0581
519,Tweddle Place,0,Low Income (Less than $60K),0.42469880000000004,-113.4585551,53.47855768,236757500.0,312344.9868
520,Tweddle Place,0,Middle Class (between $60K and $150K),0.4879518,-113.4585551,53.47855768,236757500.0,312344.9868
521,Tweddle Place,0,High Income (Over $150K),0.0873494,-113.4585551,53.47855768,236757500.0,312344.9868
522,Montrose,1,Low Income (Less than $60K),0.5397878,-113.44170290000001,53.57428616,286209500.0,245252.3565
523,Montrose,1,Middle Class (between $60K and $150K),0.4204244000000001,-113.44170290000001,53.57428616,286209500.0,245252.3565
524,Montrose,1,High Income (Over $150K),0.039787800000000005,-113.44170290000001,53.57428616,286209500.0,245252.3565
525,Rundle Heights,1,Low Income (Less than $60K),0.6674584,-113.3913977,53.56287685,241016000.0,236290.1961
526,Rundle Heights,1,Middle Class (between $60K and $150K),0.31235159999999995,-113.3913977,53.56287685,241016000.0,236290.1961
527,Rundle Heights,1,High Income (Over $150K),0.02019,-113.3913977,53.56287685,241016000.0,236290.1961
528,Homesteader,1,Low Income (Less than $60K),0.48421049999999993,-113.40646629999999,53.58518415,277405000.0,267507.2324
529,Homesteader,1,Middle Class (between $60K and $150K),0.4578947,-113.40646629999999,53.58518415,277405000.0,267507.2324
530,Homesteader,1,High Income (Over $150K),0.0578947,-113.40646629999999,53.58518415,277405000.0,267507.2324
531,Bergman,0,Low Income (Less than $60K),0.4180602,-113.40877340000002,53.57894778,187148000.0,287477.7266
532,Bergman,0,Middle Class (between $60K and $150K),0.44816049999999996,-113.40877340000002,53.57894778,187148000.0,287477.7266
533,Bergman,0,High Income (Over $150K),0.1337793,-113.40877340000002,53.57894778,187148000.0,287477.7266
534,Baranow,1,Low Income (Less than $60K),0.6833333,-113.5379555,53.60685801,186737000.0,126173.6486
535,Baranow,1,Middle Class (between $60K and $150K),0.2928571,-113.5379555,53.60685801,186737000.0,126173.6486
536,Baranow,1,High Income (Over $150K),0.0238095,-113.5379555,53.60685801,186737000.0,126173.6486
537,Newton,1,Low Income (Less than $60K),0.5273312,-113.4244251,53.57622686,337577000.0,288034.9829
538,Newton,1,Middle Class (between $60K and $150K),0.4212219,-113.4244251,53.57622686,337577000.0,288034.9829
539,Newton,1,High Income (Over $150K),0.051446900000000004,-113.4244251,53.57622686,337577000.0,288034.9829
540,Delwood,1,Low Income (Less than $60K),0.5008157,-113.4551354,53.59595504,409639500.0,292599.6429
541,Delwood,1,Middle Class (between $60K and $150K),0.41109300000000004,-113.4551354,53.59595504,409639500.0,292599.6429
542,Delwood,1,High Income (Over $150K),0.0880914,-113.4551354,53.59595504,409639500.0,292599.6429
543,Eaux Claires,0,Low Income (Less than $60K),0.3255132,-113.48589950000002,53.62166836,439228000.0,223298.424
544,Eaux Claires,0,Middle Class (between $60K and $150K),0.5454545999999999,-113.48589950000002,53.62166836,439228000.0,223298.424
545,Eaux Claires,0,High Income (Over $150K),0.12903230000000002,-113.48589950000002,53.62166836,439228000.0,223298.424
546,Gold Bar,0,Low Income (Less than $60K),0.3338369,-113.41239340000001,53.54789759,352515500.0,363418.0412
547,Gold Bar,0,Middle Class (between $60K and $150K),0.5468278,-113.41239340000001,53.54789759,352515500.0,363418.0412
548,Gold Bar,0,High Income (Over $150K),0.1193353,-113.41239340000001,53.54789759,352515500.0,363418.0412
549,Brookside,0,Low Income (Less than $60K),0.2419355,-113.5668404,53.49050286,375003500.0,583209.1757
550,Brookside,0,Middle Class (between $60K and $150K),0.39247309999999996,-113.5668404,53.49050286,375003500.0,583209.1757
551,Brookside,0,High Income (Over $150K),0.3655914,-113.5668404,53.49050286,375003500.0,583209.1757
552,Lynnwood,0,Low Income (Less than $60K),0.40966009999999997,-113.58808549999999,53.51608558,307265500.0,390426.3024
553,Lynnwood,0,Middle Class (between $60K and $150K),0.4722719,-113.58808549999999,53.51608558,307265500.0,390426.3024
554,Lynnwood,0,High Income (Over $150K),0.118068,-113.58808549999999,53.51608558,307265500.0,390426.3024
555,Balwin,1,Low Income (Less than $60K),0.6775281,-113.45463600000001,53.58828672,334371000.0,262663.7863
556,Balwin,1,Middle Class (between $60K and $150K),0.2955056,-113.45463600000001,53.58828672,334371000.0,262663.7863
557,Balwin,1,High Income (Over $150K),0.026966300000000002,-113.45463600000001,53.58828672,334371000.0,262663.7863
558,Abbottsfield,1,Low Income (Less than $60K),0.7673469,-113.38966129999999,53.57373015,58555500.0,155732.7128
559,Abbottsfield,1,Middle Class (between $60K and $150K),0.21632649999999998,-113.38966129999999,53.57373015,58555500.0,155732.7128
560,Abbottsfield,1,High Income (Over $150K),0.016326499999999997,-113.38966129999999,53.57373015,58555500.0,155732.7128
561,Overlanders,1,Low Income (Less than $60K),0.5121951,-113.38872959999999,53.58138874,141747000.0,303526.7666
562,Overlanders,1,Middle Class (between $60K and $150K),0.4420732,-113.38872959999999,53.58138874,141747000.0,303526.7666
563,Overlanders,1,High Income (Over $150K),0.04573169999999999,-113.38872959999999,53.58138874,141747000.0,303526.7666
564,Meyokumin,0,Low Income (Less than $60K),0.4178571,-113.42719369999999,53.449723,279542000.0,293636.5546
565,Meyokumin,0,Middle Class (between $60K and $150K),0.5089286,-113.42719369999999,53.449723,279542000.0,293636.5546
566,Meyokumin,0,High Income (Over $150K),0.0732143,-113.42719369999999,53.449723,279542000.0,293636.5546
567,Jackson Heights,0,Low Income (Less than $60K),0.3120155,-113.40942340000002,53.48313874,486720000.0,381442.0063
568,Jackson Heights,0,Middle Class (between $60K and $150K),0.5658914,-113.40942340000002,53.48313874,486720000.0,381442.0063
569,Jackson Heights,0,High Income (Over $150K),0.12209300000000001,-113.40942340000002,53.48313874,486720000.0,381442.0063
570,Grandview Heights,0,Low Income (Less than $60K),0.1306533,-113.5480352,53.50030179,292334500.0,765273.5602
571,Grandview Heights,0,Middle Class (between $60K and $150K),0.3517588,-113.5480352,53.50030179,292334500.0,765273.5602
572,Grandview Heights,0,High Income (Over $150K),0.517588,-113.5480352,53.50030179,292334500.0,765273.5602
573,Ozerna,0,Low Income (Less than $60K),0.3092105,-113.44882779999999,53.62221883,561339500.0,396426.2006
574,Ozerna,0,Middle Class (between $60K and $150K),0.5115132,-113.44882779999999,53.62221883,561339500.0,396426.2006
575,Ozerna,0,High Income (Over $150K),0.1792763,-113.44882779999999,53.62221883,561339500.0,396426.2006
576,Matt Berry,0,Low Income (Less than $60K),0.2240933,-113.4368012,53.62250527,523469500.0,360516.1846
577,Matt Berry,0,Middle Class (between $60K and $150K),0.6139897,-113.4368012,53.62250527,523469500.0,360516.1846
578,Matt Berry,0,High Income (Over $150K),0.1619171,-113.4368012,53.62250527,523469500.0,360516.1846
579,Ermineskin,1,Low Income (Less than $60K),0.6159121999999999,-113.5054095,53.45756818,430144500.0,150505.4234
580,Ermineskin,1,Middle Class (between $60K and $150K),0.32647459999999995,-113.5054095,53.45756818,430144500.0,150505.4234
581,Ermineskin,1,High Income (Over $150K),0.057613199999999996,-113.5054095,53.45756818,430144500.0,150505.4234
582,Bearspaw,0,Low Income (Less than $60K),0.3087379,-113.5010364,53.44333302,352625000.0,415831.3679
583,Bearspaw,0,Middle Class (between $60K and $150K),0.4757282,-113.5010364,53.44333302,352625000.0,415831.3679
584,Bearspaw,0,High Income (Over $150K),0.215534,-113.5010364,53.44333302,352625000.0,415831.3679
585,Belgravia,0,Low Income (Less than $60K),0.27777779999999996,-113.5338091,53.51096029,641959000.0,572155.9715
586,Belgravia,0,Middle Class (between $60K and $150K),0.375817,-113.5338091,53.51096029,641959000.0,572155.9715
587,Belgravia,0,High Income (Over $150K),0.3464052,-113.5338091,53.51096029,641959000.0,572155.9715
588,Aspen Gardens,0,Low Income (Less than $60K),0.24455210000000002,-113.54485009999999,53.47713448,300202500.0,416947.9167
589,Aspen Gardens,0,Middle Class (between $60K and $150K),0.45762709999999995,-113.54485009999999,53.47713448,300202500.0,416947.9167
590,Aspen Gardens,0,High Income (Over $150K),0.2978208,-113.54485009999999,53.47713448,300202500.0,416947.9167
591,Cromdale,1,Low Income (Less than $60K),0.691954,-113.46522720000002,53.55957184,155187000.0,188105.4545
592,Cromdale,1,Middle Class (between $60K and $150K),0.2436782,-113.46522720000002,53.55957184,155187000.0,188105.4545
593,Cromdale,1,High Income (Over $150K),0.0643678,-113.46522720000002,53.55957184,155187000.0,188105.4545
594,Silver Berry,0,Low Income (Less than $60K),0.2341407,-113.3812909,53.45989616,901220500.0,352039.2578
595,Silver Berry,0,Middle Class (between $60K and $150K),0.6585928000000001,-113.3812909,53.45989616,901220500.0,352039.2578
596,Silver Berry,0,High Income (Over $150K),0.1072664,-113.3812909,53.45989616,901220500.0,352039.2578
597,Brander Gardens,1,Low Income (Less than $60K),0.43884890000000004,-113.57803899999999,53.494345200000005,336530000.0,357250.5308
598,Brander Gardens,1,Middle Class (between $60K and $150K),0.40827340000000006,-113.57803899999999,53.494345200000005,336530000.0,357250.5308
599,Brander Gardens,1,High Income (Over $150K),0.1528777,-113.57803899999999,53.494345200000005,336530000.0,357250.5308
600,Haddow,0,Low Income (Less than $60K),0.16839679999999999,-113.5965456,53.45592888,784675000.0,435930.5556
601,Haddow,0,Middle Class (between $60K and $150K),0.45328720000000006,-113.5965456,53.45592888,784675000.0,435930.5556
602,Haddow,0,High Income (Over $150K),0.378316,-113.5965456,53.45592888,784675000.0,435930.5556
603,Lansdowne,0,Low Income (Less than $60K),0.2791519,-113.54694840000002,53.48727645,210790500.0,539106.1381
604,Lansdowne,0,Middle Class (between $60K and $150K),0.3992933,-113.54694840000002,53.48727645,210790500.0,539106.1381
605,Lansdowne,0,High Income (Over $150K),0.3215548,-113.54694840000002,53.48727645,210790500.0,539106.1381
606,Ogilvie Ridge,0,Low Income (Less than $60K),0.0952381,-113.56394409999999,53.46401767,226059500.0,604437.1658
607,Ogilvie Ridge,0,Middle Class (between $60K and $150K),0.36734690000000003,-113.56394409999999,53.46401767,226059500.0,604437.1658
608,Ogilvie Ridge,0,High Income (Over $150K),0.537415,-113.56394409999999,53.46401767,226059500.0,604437.1658
609,Daly Grove,0,Low Income (Less than $60K),0.3864353,-113.4005918,53.44997315,325749500.0,299402.114
610,Daly Grove,0,Middle Class (between $60K and $150K),0.5347003,-113.4005918,53.44997315,325749500.0,299402.114
611,Daly Grove,0,High Income (Over $150K),0.07886439999999999,-113.4005918,53.44997315,325749500.0,299402.114
612,Kenilworth,0,Low Income (Less than $60K),0.4378531,-113.4318858,53.52132389,375026000.0,364811.284
613,Kenilworth,0,Middle Class (between $60K and $150K),0.470339,-113.4318858,53.52132389,375026000.0,364811.284
614,Kenilworth,0,High Income (Over $150K),0.0918079,-113.4318858,53.52132389,375026000.0,364811.284
615,Bonnie Doon,1,Low Income (Less than $60K),0.44981409999999994,-113.46664990000001,53.52418553,749525000.0,434004.0533
616,Bonnie Doon,1,Middle Class (between $60K and $150K),0.38475840000000006,-113.46664990000001,53.52418553,749525000.0,434004.0533
617,Bonnie Doon,1,High Income (Over $150K),0.1654275,-113.46664990000001,53.52418553,749525000.0,434004.0533
618,Hazeldean,0,Low Income (Less than $60K),0.3830645,-113.477319,53.50424426,413481500.0,384992.0857
619,Hazeldean,0,Middle Class (between $60K and $150K),0.5107527000000001,-113.477319,53.50424426,413481500.0,384992.0857
620,Hazeldean,0,High Income (Over $150K),0.1061828,-113.477319,53.50424426,413481500.0,384992.0857
621,Sweet Grass,0,Low Income (Less than $60K),0.3848797,-113.52823000000001,53.464055099999996,304178500.0,298800.0982
622,Sweet Grass,0,Middle Class (between $60K and $150K),0.5171821,-113.52823000000001,53.464055099999996,304178500.0,298800.0982
623,Sweet Grass,0,High Income (Over $150K),0.09793810000000001,-113.52823000000001,53.464055099999996,304178500.0,298800.0982
624,Steinhauer,0,Low Income (Less than $60K),0.311828,-113.50505990000002,53.46420669,280879000.0,366204.6936
625,Steinhauer,0,Middle Class (between $60K and $150K),0.5188172000000001,-113.50505990000002,53.46420669,280879000.0,366204.6936
626,Steinhauer,0,High Income (Over $150K),0.16935479999999997,-113.50505990000002,53.46420669,280879000.0,366204.6936
627,Strathcona,1,Low Income (Less than $60K),0.4454439,-113.4901312,53.52225606,1140954500.0,291357.1246
628,Strathcona,1,Middle Class (between $60K and $150K),0.43136490000000005,-113.4901312,53.52225606,1140954500.0,291357.1246
629,Strathcona,1,High Income (Over $150K),0.1231912,-113.4901312,53.52225606,1140954500.0,291357.1246
630,Rapperswill,0,Low Income (Less than $60K),0.12405060000000001,-113.5345095,53.63456649,417881500.0,369153.2686
631,Rapperswill,0,Middle Class (between $60K and $150K),0.6683545,-113.5345095,53.63456649,417881500.0,369153.2686
632,Rapperswill,0,High Income (Over $150K),0.2075949,-113.5345095,53.63456649,417881500.0,369153.2686
633,Leger,0,Low Income (Less than $60K),0.17981070000000002,-113.5762936,53.45796257,417406500.0,449791.4871
634,Leger,0,Middle Class (between $60K and $150K),0.48580439999999997,-113.5762936,53.45796257,417406500.0,449791.4871
635,Leger,0,High Income (Over $150K),0.33438490000000004,-113.5762936,53.45796257,417406500.0,449791.4871
636,Breckenridge Greens,0,Low Income (Less than $60K),0.21109120000000003,-113.6840756,53.51605708,275806000.0,245597.5067
637,Breckenridge Greens,0,Middle Class (between $60K and $150K),0.588551,-113.6840756,53.51605708,275806000.0,245597.5067
638,Breckenridge Greens,0,High Income (Over $150K),0.2003578,-113.6840756,53.51605708,275806000.0,245597.5067
639,Garneau,1,Low Income (Less than $60K),0.6575745,-113.5142135,53.51969319,792037000.0,264012.3333
640,Garneau,1,Middle Class (between $60K and $150K),0.26563159999999997,-113.5142135,53.51969319,792037000.0,264012.3333
641,Garneau,1,High Income (Over $150K),0.076794,-113.5142135,53.51969319,792037000.0,264012.3333
642,Glastonbury,0,Low Income (Less than $60K),0.21735789999999997,-113.6698524,53.50331526,880375500.0,301086.0123
643,Glastonbury,0,Middle Class (between $60K and $150K),0.592934,-113.6698524,53.50331526,880375500.0,301086.0123
644,Glastonbury,0,High Income (Over $150K),0.18970810000000002,-113.6698524,53.50331526,880375500.0,301086.0123
645,Forest Heights,1,Low Income (Less than $60K),0.4213052,-113.4501622,53.54487245,647423500.0,417423.2753
646,Forest Heights,1,Middle Class (between $60K and $150K),0.4078695,-113.4501622,53.54487245,647423500.0,417423.2753
647,Forest Heights,1,High Income (Over $150K),0.17082529999999999,-113.4501622,53.54487245,647423500.0,417423.2753
648,Maple Ridge Industrial,0,Low Income (Less than $60K),0.0,-113.35459909999999,53.49581613,23376500.0,1113166.6670000001
649,Maple Ridge Industrial,0,Middle Class (between $60K and $150K),1.0,-113.35459909999999,53.49581613,23376500.0,1113166.6670000001
650,Maple Ridge Industrial,0,High Income (Over $150K),0.0,-113.35459909999999,53.49581613,23376500.0,1113166.6670000001
651,Maple Ridge,1,Low Income (Less than $60K),0.680791,-113.3627504,53.50142788,55155500.0,64208.963910000006
652,Maple Ridge,1,Middle Class (between $60K and $150K),0.3022599,-113.3627504,53.50142788,55155500.0,64208.963910000006
653,Maple Ridge,1,High Income (Over $150K),0.0169492,-113.3627504,53.50142788,55155500.0,64208.963910000006
654,Schonsee,0,Low Income (Less than $60K),0.3055142,-113.4547467,53.63215673,597338500.0,320288.7399
655,Schonsee,0,Middle Class (between $60K and $150K),0.49329359999999994,-113.4547467,53.63215673,597338500.0,320288.7399
656,Schonsee,0,High Income (Over $150K),0.20119220000000002,-113.4547467,53.63215673,597338500.0,320288.7399
657,Lago Lindo,0,Low Income (Less than $60K),0.2649007,-113.4858284,53.63641871,460196000.0,323398.45399999997
658,Lago Lindo,0,Middle Class (between $60K and $150K),0.5668873999999999,-113.4858284,53.63641871,460196000.0,323398.45399999997
659,Lago Lindo,0,High Income (Over $150K),0.1682119,-113.4858284,53.63641871,460196000.0,323398.45399999997
660,Chambery,0,Low Income (Less than $60K),0.10891089999999999,-113.51066999999999,53.64055882,420406000.0,534867.6845
661,Chambery,0,Middle Class (between $60K and $150K),0.5676568000000001,-113.51066999999999,53.64055882,420406000.0,534867.6845
662,Chambery,0,High Income (Over $150K),0.3234324,-113.51066999999999,53.64055882,420406000.0,534867.6845
663,Rural West Big Lake,0,Low Income (Less than $60K),0.39393940000000005,-113.6774482,53.57852053,11955500.0,1707928.571
664,Rural West Big Lake,0,Middle Class (between $60K and $150K),0.5757576,-113.6774482,53.57852053,11955500.0,1707928.571
665,Rural West Big Lake,0,High Income (Over $150K),0.030302999999999997,-113.6774482,53.57852053,11955500.0,1707928.571
666,Trumpeter Area,0,Low Income (Less than $60K),0.0681115,-113.6760385,53.59089418,299246500.0,422664.54799999995
667,Trumpeter Area,0,Middle Class (between $60K and $150K),0.5541795,-113.6760385,53.59089418,299246500.0,422664.54799999995
668,Trumpeter Area,0,High Income (Over $150K),0.377709,-113.6760385,53.59089418,299246500.0,422664.54799999995
669,Hawks Ridge,1,Low Income (Less than $60K),0.5389611,-113.70126189999999,53.58853111,152536500.0,396198.7013
670,Hawks Ridge,1,Middle Class (between $60K and $150K),0.3441558,-113.70126189999999,53.58853111,152536500.0,396198.7013
671,Hawks Ridge,1,High Income (Over $150K),0.11688310000000002,-113.70126189999999,53.58853111,152536500.0,396198.7013
672,Hays Ridge Area,0,Low Income (Less than $60K),0.03125,-113.5775767,53.4166059,182513000.0,790099.5671
673,Hays Ridge Area,0,Middle Class (between $60K and $150K),0.25,-113.5775767,53.4166059,182513000.0,790099.5671
674,Hays Ridge Area,0,High Income (Over $150K),0.71875,-113.5775767,53.4166059,182513000.0,790099.5671
675,Ambleside,0,Low Income (Less than $60K),0.2307018,-113.5991638,53.42994314,1046515500.0,279368.7934
676,Ambleside,0,Middle Class (between $60K and $150K),0.5052631,-113.5991638,53.42994314,1046515500.0,279368.7934
677,Ambleside,0,High Income (Over $150K),0.26403509999999997,-113.5991638,53.42994314,1046515500.0,279368.7934
678,Twin Brooks,0,Low Income (Less than $60K),0.2029963,-113.5303757,53.44272394,1154651500.0,504214.6288
679,Twin Brooks,0,Middle Class (between $60K and $150K),0.5003746,-113.5303757,53.44272394,1154651500.0,504214.6288
680,Twin Brooks,0,High Income (Over $150K),0.2966292,-113.5303757,53.44272394,1154651500.0,504214.6288
681,Heritage Valley Town Centre Area,0,Low Income (Less than $60K),0.4038461,-113.54349769999999,53.40714654,65935500.0,98411.19403
682,Heritage Valley Town Centre Area,0,Middle Class (between $60K and $150K),0.5384616,-113.54349769999999,53.40714654,65935500.0,98411.19403
683,Heritage Valley Town Centre Area,0,High Income (Over $150K),0.0576923,-113.54349769999999,53.40714654,65935500.0,98411.19403
684,Edmonton Energy And Technology Park,0,Low Income (Less than $60K),0.2857143,-113.3761178,53.68563802,53476000.0,534760.0
685,Edmonton Energy And Technology Park,0,Middle Class (between $60K and $150K),0.5714286,-113.3761178,53.68563802,53476000.0,534760.0
686,Edmonton Energy And Technology Park,0,High Income (Over $150K),0.14285710000000001,-113.3761178,53.68563802,53476000.0,534760.0
687,Downtown,1,Low Income (Less than $60K),0.48784120000000003,-113.5003929,53.54142898,1376029500.0,157548.6032
688,Downtown,1,Middle Class (between $60K and $150K),0.42605459999999995,-113.5003929,53.54142898,1376029500.0,157548.6032
689,Downtown,1,High Income (Over $150K),0.08610419999999999,-113.5003929,53.54142898,1376029500.0,157548.6032
690,Starling,0,Low Income (Less than $60K),0.38617890000000005,-113.658482,53.59159657,256013500.0,392658.7423
691,Starling,0,Middle Class (between $60K and $150K),0.5365854,-113.658482,53.59159657,256013500.0,392658.7423
692,Starling,0,High Income (Over $150K),0.07723580000000001,-113.658482,53.59159657,256013500.0,392658.7423
693,Potter Greens,0,Low Income (Less than $60K),0.18518520000000002,-113.67201000000001,53.51796326,296036000.0,512173.0104
694,Potter Greens,0,Middle Class (between $60K and $150K),0.5,-113.67201000000001,53.51796326,296036000.0,512173.0104
695,Potter Greens,0,High Income (Over $150K),0.31481479999999995,-113.67201000000001,53.51796326,296036000.0,512173.0104
696,Strathearn,1,Low Income (Less than $60K),0.606015,-113.4626604,53.53185793,317746000.0,467273.5294
697,Strathearn,1,Middle Class (between $60K and $150K),0.2766917,-113.4626604,53.53185793,317746000.0,467273.5294
698,Strathearn,1,High Income (Over $150K),0.1172932,-113.4626604,53.53185793,317746000.0,467273.5294
699,Fraser,0,Low Income (Less than $60K),0.3607785,-113.37010020000001,53.6114639,457747000.0,311180.8294
700,Fraser,0,Middle Class (between $60K and $150K),0.5194611,-113.37010020000001,53.6114639,457747000.0,311180.8294
701,Fraser,0,High Income (Over $150K),0.1197605,-113.37010020000001,53.6114639,457747000.0,311180.8294
702,Rural North East South Sturgeon,0,Low Income (Less than $60K),0.11304349999999999,-113.31711409999998,53.63142387,188951500.0,732370.155
703,Rural North East South Sturgeon,0,Middle Class (between $60K and $150K),0.4521739000000001,-113.31711409999998,53.63142387,188951500.0,732370.155
704,Rural North East South Sturgeon,0,High Income (Over $150K),0.4347826,-113.31711409999998,53.63142387,188951500.0,732370.155
705,Windermere,0,Low Income (Less than $60K),0.16321010000000002,-113.6220186,53.43583184,2469408000.0,468311.777
706,Windermere,0,Middle Class (between $60K and $150K),0.5040577,-113.6220186,53.43583184,2469408000.0,468311.777
707,Windermere,0,High Income (Over $150K),0.33273220000000003,-113.6220186,53.43583184,2469408000.0,468311.777
708,Laurel,0,Low Income (Less than $60K),0.2787097,-113.3817712,53.44627983,1133704000.0,338924.9626
709,Laurel,0,Middle Class (between $60K and $150K),0.6425806,-113.3817712,53.44627983,1133704000.0,338924.9626
710,Laurel,0,High Income (Over $150K),0.0787097,-113.3817712,53.44627983,1133704000.0,338924.9626
711,Mactaggart,0,Low Income (Less than $60K),0.2047414,-113.5636604,53.43823666,714566000.0,380898.7207
712,Mactaggart,0,Middle Class (between $60K and $150K),0.38362070000000004,-113.5636604,53.43823666,714566000.0,380898.7207
713,Mactaggart,0,High Income (Over $150K),0.4116379,-113.5636604,53.43823666,714566000.0,380898.7207
714,Magrath Heights,0,Low Income (Less than $60K),0.1408935,-113.5570176,53.44835124,871045500.0,546795.6685
715,Magrath Heights,0,Middle Class (between $60K and $150K),0.40893470000000004,-113.5570176,53.44835124,871045500.0,546795.6685
716,Magrath Heights,0,High Income (Over $150K),0.4501718,-113.5570176,53.44835124,871045500.0,546795.6685
717,Ebbers,0,Low Income (Less than $60K),0.3636364,-113.40098629999999,53.61121228,120451000.0,236642.4361
718,Ebbers,0,Middle Class (between $60K and $150K),0.5454545999999999,-113.40098629999999,53.61121228,120451000.0,236642.4361
719,Ebbers,0,High Income (Over $150K),0.0909091,-113.40098629999999,53.61121228,120451000.0,236642.4361
720,Keswick Area,0,Low Income (Less than $60K),0.08474580000000001,-113.63732240000002,53.41676087,487734000.0,475374.269
721,Keswick Area,0,Middle Class (between $60K and $150K),0.49717510000000004,-113.63732240000002,53.41676087,487734000.0,475374.269
722,Keswick Area,0,High Income (Over $150K),0.41807910000000004,-113.63732240000002,53.41676087,487734000.0,475374.269
723,Kirkness,0,Low Income (Less than $60K),0.42260059999999994,-113.3890687,53.61123518,338617500.0,288430.5792
724,Kirkness,0,Middle Class (between $60K and $150K),0.4798762,-113.3890687,53.61123518,338617500.0,288430.5792
725,Kirkness,0,High Income (Over $150K),0.09752319999999999,-113.3890687,53.61123518,338617500.0,288430.5792
726,Kinokamau Plains Area,0,Low Income (Less than $60K),0.1875,-113.6250631,53.58288002,33898000.0,564966.6667
727,Kinokamau Plains Area,0,Middle Class (between $60K and $150K),0.75,-113.6250631,53.58288002,33898000.0,564966.6667
728,Kinokamau Plains Area,0,High Income (Over $150K),0.0625,-113.6250631,53.58288002,33898000.0,564966.6667
729,Riverview Area,0,Low Income (Less than $60K),0.07894739999999999,-113.66768959999999,53.42361916,136762000.0,893869.281
730,Riverview Area,0,Middle Class (between $60K and $150K),0.48684209999999994,-113.66768959999999,53.42361916,136762000.0,893869.281
731,Riverview Area,0,High Income (Over $150K),0.43421049999999994,-113.66768959999999,53.42361916,136762000.0,893869.281
732,Hudson,0,Low Income (Less than $60K),0.2786885,-113.5541408,53.60457761,339338500.0,374959.6685
733,Hudson,0,Middle Class (between $60K and $150K),0.6042154000000001,-113.5541408,53.60457761,339338500.0,374959.6685
734,Hudson,0,High Income (Over $150K),0.117096,-113.5541408,53.60457761,339338500.0,374959.6685
735,Canossa,0,Low Income (Less than $60K),0.17519379999999998,-113.5227855,53.63592327,408160000.0,390957.8544
736,Canossa,0,Middle Class (between $60K and $150K),0.6015504,-113.5227855,53.63592327,408160000.0,390957.8544
737,Canossa,0,High Income (Over $150K),0.2232558,-113.5227855,53.63592327,408160000.0,390957.8544
738,Oxford,0,Low Income (Less than $60K),0.188172,-113.54757820000002,53.62219455,554273500.0,340462.8378
739,Oxford,0,Middle Class (between $60K and $150K),0.6223118000000001,-113.54757820000002,53.62219455,554273500.0,340462.8378
740,Oxford,0,High Income (Over $150K),0.1895161,-113.54757820000002,53.62219455,554273500.0,340462.8378
741,Riverdale,0,Low Income (Less than $60K),0.28764809999999996,-113.47243940000001,53.54334128,444088500.0,417376.4098
742,Riverdale,0,Middle Class (between $60K and $150K),0.46700509999999995,-113.47243940000001,53.54334128,444088500.0,417376.4098
743,Riverdale,0,High Income (Over $150K),0.2453469,-113.47243940000001,53.54334128,444088500.0,417376.4098
744,Klarvatten,0,Low Income (Less than $60K),0.1625125,-113.4740847,53.63721589,747112000.0,381763.9244
745,Klarvatten,0,Middle Class (between $60K and $150K),0.6261216,-113.4740847,53.63721589,747112000.0,381763.9244
746,Klarvatten,0,High Income (Over $150K),0.21136590000000002,-113.4740847,53.63721589,747112000.0,381763.9244
747,Cameron Heights,0,Low Income (Less than $60K),0.0612245,-113.6330778,53.47315493,558575000.0,691305.6931
748,Cameron Heights,0,Middle Class (between $60K and $150K),0.4030612,-113.6330778,53.47315493,558575000.0,691305.6931
749,Cameron Heights,0,High Income (Over $150K),0.5357143,-113.6330778,53.47315493,558575000.0,691305.6931
750,Rural South East,0,Low Income (Less than $60K),0.3488372,-113.4304196,53.40308691,6800000.0,1700000.0
751,Rural South East,0,Middle Class (between $60K and $150K),0.44186049999999993,-113.4304196,53.40308691,6800000.0,1700000.0
752,Rural South East,0,High Income (Over $150K),0.20930229999999997,-113.4304196,53.40308691,6800000.0,1700000.0
753,Summerside,0,Low Income (Less than $60K),0.1557562,-113.46108249999999,53.41726184,2142234500.0,411730.6362
754,Summerside,0,Middle Class (between $60K and $150K),0.5974417,-113.46108249999999,53.41726184,2142234500.0,411730.6362
755,Summerside,0,High Income (Over $150K),0.24680210000000002,-113.46108249999999,53.41726184,2142234500.0,411730.6362
756,The Hamptons,0,Low Income (Less than $60K),0.1667372,-113.675655,53.48801581,1572666500.0,351669.6109
757,The Hamptons,0,Middle Class (between $60K and $150K),0.6233602,-113.675655,53.48801581,1572666500.0,351669.6109
758,The Hamptons,0,High Income (Over $150K),0.2099027,-113.675655,53.48801581,1572666500.0,351669.6109
759,The Orchards At Ellerslie,0,Low Income (Less than $60K),0.12633830000000001,-113.45926680000001,53.40336997,538526000.0,349919.4282
760,The Orchards At Ellerslie,0,Middle Class (between $60K and $150K),0.6852248000000001,-113.45926680000001,53.40336997,538526000.0,349919.4282
761,The Orchards At Ellerslie,0,High Income (Over $150K),0.1884368,-113.45926680000001,53.40336997,538526000.0,349919.4282
762,Edgemont,0,Low Income (Less than $60K),0.1310861,-113.6763164,53.47053971,536808500.0,359309.5716
763,Edgemont,0,Middle Class (between $60K and $150K),0.5655431,-113.6763164,53.47053971,536808500.0,359309.5716
764,Edgemont,0,High Income (Over $150K),0.3033708,-113.6763164,53.47053971,536808500.0,359309.5716
765,Rossdale,0,Low Income (Less than $60K),0.3140794,-113.494446,53.53253405,186255500.0,399689.9142
766,Rossdale,0,Middle Class (between $60K and $150K),0.40433209999999997,-113.494446,53.53253405,186255500.0,399689.9142
767,Rossdale,0,High Income (Over $150K),0.2815884,-113.494446,53.53253405,186255500.0,399689.9142
768,McCauley,1,Low Income (Less than $60K),0.7881355999999999,-113.48417079999999,53.55527747,214502500.0,253249.7048
769,McCauley,1,Middle Class (between $60K and $150K),0.18961860000000003,-113.48417079999999,53.55527747,214502500.0,253249.7048
770,McCauley,1,High Income (Over $150K),0.0222458,-113.48417079999999,53.55527747,214502500.0,253249.7048
771,Crystallina Nera West,0,Low Income (Less than $60K),0.1596639,-113.4606721,53.64015006,329474000.0,296289.5683
772,Crystallina Nera West,0,Middle Class (between $60K and $150K),0.7058824,-113.4606721,53.64015006,329474000.0,296289.5683
773,Crystallina Nera West,0,High Income (Over $150K),0.13445379999999998,-113.4606721,53.64015006,329474000.0,296289.5683
774,Allard,0,Low Income (Less than $60K),0.10441769999999999,-113.52655379999999,53.40019451,856921000.0,318439.6135
775,Allard,0,Middle Class (between $60K and $150K),0.6465864,-113.52655379999999,53.40019451,856921000.0,318439.6135
776,Allard,0,High Income (Over $150K),0.248996,-113.52655379999999,53.40019451,856921000.0,318439.6135
777,South Terwillegar,0,Low Income (Less than $60K),0.22481109999999999,-113.57893390000001,53.44005745,1311194500.0,256042.6674
778,South Terwillegar,0,Middle Class (between $60K and $150K),0.5793451000000001,-113.57893390000001,53.44005745,1311194500.0,256042.6674
779,South Terwillegar,0,High Income (Over $150K),0.19584379999999998,-113.57893390000001,53.44005745,1311194500.0,256042.6674
780,Terwillegar Towne,0,Low Income (Less than $60K),0.1830727,-113.57843190000001,53.449836899999994,1021036500.0,420006.7873
781,Terwillegar Towne,0,Middle Class (between $60K and $150K),0.5289788000000001,-113.57843190000001,53.449836899999994,1021036500.0,420006.7873
782,Terwillegar Towne,0,High Income (Over $150K),0.2879485,-113.57843190000001,53.449836899999994,1021036500.0,420006.7873
783,Gainer Industrial,0,Low Income (Less than $60K),0.2695035,-113.4253233,53.51655051,,
784,Gainer Industrial,0,Middle Class (between $60K and $150K),0.6453901,-113.4253233,53.51655051,,
785,Gainer Industrial,0,High Income (Over $150K),0.0851064,-113.4253233,53.51655051,,
786,King Edward Park,0,Low Income (Less than $60K),0.3895288,-113.4522325,53.51520985,676549000.0,290489.0511
787,King Edward Park,0,Middle Class (between $60K and $150K),0.495288,-113.4522325,53.51520985,676549000.0,290489.0511
788,King Edward Park,0,High Income (Over $150K),0.11518319999999999,-113.4522325,53.51520985,676549000.0,290489.0511
789,Cloverdale,0,Low Income (Less than $60K),0.15625,-113.4729408,53.53698523,222096000.0,283285.7143
790,Cloverdale,0,Middle Class (between $60K and $150K),0.47265630000000003,-113.4729408,53.53698523,222096000.0,283285.7143
791,Cloverdale,0,High Income (Over $150K),0.37109380000000003,-113.4729408,53.53698523,222096000.0,283285.7143
792,Jamieson Place,0,Low Income (Less than $60K),0.22196799999999997,-113.6484719,53.48952797,530254000.0,385359.0116
793,Jamieson Place,0,Middle Class (between $60K and $150K),0.5606408,-113.6484719,53.48952797,530254000.0,385359.0116
794,Jamieson Place,0,High Income (Over $150K),0.2173913,-113.6484719,53.48952797,530254000.0,385359.0116
795,McConachie Area,0,Low Income (Less than $60K),0.2022569,-113.4301923,53.635106799999996,971778500.0,301700.8693
796,McConachie Area,0,Middle Class (between $60K and $150K),0.6215278000000001,-113.4301923,53.635106799999996,971778500.0,301700.8693
797,McConachie Area,0,High Income (Over $150K),0.1762153,-113.4301923,53.635106799999996,971778500.0,301700.8693
798,Pembina,0,Low Income (Less than $60K),0.19469029999999998,-113.5536078,53.60156402,89049500.0,106646.1078
799,Pembina,0,Middle Class (between $60K and $150K),0.7522124,-113.5536078,53.60156402,89049500.0,106646.1078
800,Pembina,0,High Income (Over $150K),0.05309730000000001,-113.5536078,53.60156402,89049500.0,106646.1078
801,Cy Becker,0,Low Income (Less than $60K),0.043478300000000004,-113.40765400000001,53.63262723,265425000.0,367116.1826
802,Cy Becker,0,Middle Class (between $60K and $150K),0.8478261,-113.40765400000001,53.63262723,265425000.0,367116.1826
803,Cy Becker,0,High Income (Over $150K),0.10869560000000002,-113.40765400000001,53.63262723,265425000.0,367116.1826
804,Rural North East Horse Hill,1,Low Income (Less than $60K),0.4210526,-113.33473359999999,53.66303023,41355000.0,599347.8261
805,Rural North East Horse Hill,1,Middle Class (between $60K and $150K),0.2631579,-113.33473359999999,53.66303023,41355000.0,599347.8261
806,Rural North East Horse Hill,1,High Income (Over $150K),0.3157895,-113.33473359999999,53.66303023,41355000.0,599347.8261
807,Chappelle Area,0,Low Income (Less than $60K),0.149635,-113.5820759,53.40325459,1137184500.0,338045.3329
808,Chappelle Area,0,Middle Class (between $60K and $150K),0.6520680999999999,-113.5820759,53.40325459,1137184500.0,338045.3329
809,Chappelle Area,0,High Income (Over $150K),0.1982968,-113.5820759,53.40325459,1137184500.0,338045.3329
810,Carlton,0,Low Income (Less than $60K),0.21749410000000002,-113.5593176,53.62162893,705567000.0,390895.8449
811,Carlton,0,Middle Class (between $60K and $150K),0.6075649999999999,-113.5593176,53.62162893,705567000.0,390895.8449
812,Carlton,0,High Income (Over $150K),0.17494089999999998,-113.5593176,53.62162893,705567000.0,390895.8449
813,Belmont,0,Low Income (Less than $60K),0.44481980000000004,-113.39374879999998,53.59396283,453170000.0,235168.6559
814,Belmont,0,Middle Class (between $60K and $150K),0.47747749999999994,-113.39374879999998,53.59396283,453170000.0,235168.6559
815,Belmont,0,High Income (Over $150K),0.0777027,-113.39374879999998,53.59396283,453170000.0,235168.6559
816,Granville,0,Low Income (Less than $60K),0.10233919999999999,-113.68286,53.50465193,428833500.0,361579.6796
817,Granville,0,Middle Class (between $60K and $150K),0.625731,-113.68286,53.50465193,428833500.0,361579.6796
818,Granville,0,High Income (Over $150K),0.2719298,-113.68286,53.50465193,428833500.0,361579.6796
819,Kernohan,0,Low Income (Less than $60K),0.37388190000000004,-113.3811363,53.59353153,352719500.0,290304.1152
820,Kernohan,0,Middle Class (between $60K and $150K),0.5277281,-113.3811363,53.59353153,352719500.0,290304.1152
821,Kernohan,0,High Income (Over $150K),0.09838999999999999,-113.3811363,53.59353153,352719500.0,290304.1152
822,Wedgewood Heights,0,Low Income (Less than $60K),0.141129,-113.6454408,53.47912858,355262500.0,666533.7711
823,Wedgewood Heights,0,Middle Class (between $60K and $150K),0.391129,-113.6454408,53.47912858,355262500.0,666533.7711
824,Wedgewood Heights,0,High Income (Over $150K),0.4677419,-113.6454408,53.47912858,355262500.0,666533.7711
