OBJECTID,Join_Count,TARGET_FID,name,area_km2,Assessed_Value_Sum,Avg_Assessed_Value,Ward,c2016_Less_than_30K,c2016_30K_to_60K,c2016_60K_to_100K,c2016_100K_to_125K,c2016_125K_to_150K,c2016_150K_to_200K,c2016_200K_to_250K,c2016_250K_or_more,c2016_No_Response,Pct_less_than_30k,Pct_less_than_60k,Pct_less_than_100k,Pct_less_than_150k,Pct_less_than_200k,Pct_less_than_250k,TotalPct_Unresponsive,TotalPct_Responsive,Sum_Responsive,Pct_less_than_125K,Pct_LowIncome_less_than_60K,Pct_MiddleClass_60K_to_150K,Pct_Over_150K,LI_greater_than_MC,Shape_Length,Shape_Area,Pct_30K_to_60K,Pct_60K_to_100K,Pct_100K_to_125K,Pct_125K_150K,Pct_150K_to_200K,Pct_200K_to_250K,Pct_250K_or_more,POINT_X,POINT_Y,LI_greater,LI_pct_ind
1,813,1,Lee Ridge,0.898035537,216304000,266056.5806,WARD 11,95,110,94,29,11,19,2,2,623,0.2624309,0.5662984,0.8259668,0.9364641,0.9889503,0.9944751,0.6324873,0.3675127,362,0.9060773,0.5662984,0.3701657,0.0635359,1,0.047515491,0.000121528,0.3038674,0.2596685,0.0801105,0.0303867,0.0524862,0.0055249,0.0055249,-113.44452,53.46951423,TRUE,2
2,1108,2,Hillview,1.102185648,341884000,308559.5668,WARD 11,106,199,211,98,49,42,22,6,616,0.1446112,0.4160982,0.7039564,0.904502,0.9618008,0.9918144,0.4566346,0.5433655,733,0.8376535,0.4160982,0.4884038,0.095498,0,0.05572411,0.000149155,0.271487,0.2878581,0.1336971,0.0668486,0.0572988,0.0300136,0.0081855,-113.4289598,53.46948166,FALSE,2
3,781,3,Idylwylde,0.664832905,224918500,287987.8361,WARD 8,151,147,129,54,21,19,14,8,391,0.2780847,0.548803,0.786372,0.9244936,0.9594843,0.985267,0.4186296,0.5813705,543,0.8858195,0.548803,0.3756906,0.0755064,1,0.042019451,9.01E-05,0.2707182,0.2375691,0.0994475,0.038674,0.0349908,0.0257827,0.014733,-113.4493234,53.52171154,TRUE,2
4,2446,4,Ottewell,2.584236919,873544500,357131.8479,WARD 8,200,314,361,181,135,132,45,33,1088,0.1427552,0.3668808,0.6245539,0.8501071,0.9443255,0.9764454,0.4371233,0.5628766,1401,0.7537473,0.3668808,0.4832263,0.1498929,0,0.082021786,0.000350225,0.2241256,0.2576731,0.1291934,0.0963597,0.0942184,0.0321199,0.0235546,-113.4296117,53.53164832,FALSE,1
5,1170,5,York,1.188834252,307700000,262991.453,WARD 4,148,297,271,103,65,42,14,5,510,0.1566138,0.4708995,0.757672,0.9354497,0.9798942,0.994709,0.3505155,0.6494845,945,0.8666667,0.4708995,0.4645503,0.0645503,1,0.063713147,0.000161384,0.3142857,0.2867725,0.1089947,0.0687831,0.0444444,0.0148148,0.005291,-113.4295149,53.60285955,TRUE,2
6,1653,6,Callingwood South,0.772228218,235979000,142758.0157,WARD 5,265,439,344,89,29,16,7,4,1646,0.2221291,0.590109,0.8784577,0.977368,0.9907795,0.9966471,0.5797816,0.4202184,1193,0.9530595,0.590109,0.387259,0.022632,1,0.043790422,0.000104582,0.3679799,0.2883487,0.0746018,0.0243085,0.0134116,0.0058676,0.0033529,-113.6228453,53.50065609,TRUE,2
7,1259,7,Empire Park,1.072123643,198751500,157864.5751,WARD 10,128,385,345,79,19,10,3,1,1330,0.1319588,0.528866,0.8845361,0.985567,0.9958763,0.9989691,0.5782609,0.4217391,970,0.9659794,0.528866,0.456701,0.014433,1,0.056109311,0.000145141,0.3969072,0.3556701,0.0814433,0.0195876,0.0103093,0.0030928,0.0010309,-113.5051116,53.4848479,TRUE,2
8,1522,8,Meadowlark Park,1.108866874,410678500,269828.1866,WARD 1,124,315,197,114,46,47,10,5,321,0.1445221,0.511655,0.7412587,0.9277389,0.9825175,0.9941725,0.2722646,0.7277353,858,0.8741259,0.511655,0.4160839,0.0722611,1,0.049029589,0.000150259,0.3671329,0.2296037,0.1328671,0.0536131,0.0547786,0.011655,0.0058275,-113.5965567,53.52551296,TRUE,2
9,706,9,Summerlea,1.100465963,180135500,255149.4334,WARD 1,94,194,157,42,36,23,12,4,354,0.1672598,0.5124555,0.7918149,0.930605,0.9715303,0.9928825,0.3864629,0.6135371,562,0.8665481,0.5124555,0.4181495,0.069395,1,0.050516259,0.00014912,0.3451957,0.2793594,0.0747331,0.0640569,0.0409253,0.0213523,0.0071174,-113.6219652,53.52532309,TRUE,2
10,1072,10,Grovenor,0.920762563,425973500,397363.3396,WARD 6,69,127,140,70,57,46,28,25,376,0.1227758,0.3487544,0.5978647,0.8238434,0.9056939,0.955516,0.4008529,0.5991471,562,0.7224199,0.3487544,0.475089,0.1761566,0,0.046198997,0.000124828,0.2259786,0.2491103,0.1245552,0.1014235,0.0818505,0.0498221,0.044484,-113.5716064,53.54592903,FALSE,1
11,1535,11,Britannia Youngstown,1.638283481,368626500,240147.557,WARD 1,207,223,190,67,31,17,2,5,1475,0.2789758,0.5795148,0.8355795,0.967655,0.990566,0.9932615,0.6653135,0.3346865,742,0.925876,0.5795148,0.3881402,0.032345,1,0.065477783,0.000222104,0.3005391,0.2560647,0.0902965,0.041779,0.0229111,0.0026954,0.0067385,-113.6015738,53.54602083,TRUE,2
12,2130,12,Glenwood,1.772615097,457686000,214876.0563,WARD 1,404,435,251,83,34,26,6,2,943,0.3255439,0.6760677,0.8783239,0.9726027,0.9935536,0.9983884,0.4317766,0.5682234,1241,0.9452055,0.6760677,0.296535,0.0273973,1,0.068820796,0.000240262,0.3505238,0.2022562,0.0668815,0.0273973,0.0209508,0.0048348,0.0016116,-113.6026803,53.5364378,TRUE,3
13,1622,13,Evansdale,1.568066663,431495500,266026.8187,WARD 3,298,460,223,75,44,26,11,5,974,0.2609457,0.6637478,0.8590193,0.9632224,0.9859895,0.9956217,0.4603025,0.5396975,1142,0.9246935,0.6637478,0.2994746,0.0367776,1,0.065140133,0.000212905,0.4028021,0.1952714,0.0656743,0.0385289,0.0227671,0.0096322,0.0043783,-113.4790517,53.61076326,TRUE,3
14,1106,14,Northmount,1.224062074,322729000,291798.3725,WARD 7,65,125,129,57,24,25,7,3,866,0.1494253,0.4367816,0.7333333,0.9195402,0.9770115,0.9931034,0.6656418,0.3343582,435,0.8643678,0.4367816,0.4827586,0.0804598,0,0.063642901,0.000166168,0.2873563,0.2965517,0.1310345,0.0551724,0.0574713,0.016092,0.0068966,-113.4796586,53.60295449,FALSE,2
15,486,15,Prince Rupert,1.144949478,144065000,296430.0412,WARD 2,31,27,37,11,9,10,2,3,517,0.2384615,0.4461538,0.7307692,0.8846154,0.9615384,0.976923,0.7990726,0.2009274,130,0.8153846,0.4461538,0.4384615,0.1153846,1,0.067783478,0.000155282,0.2076923,0.2846154,0.0846154,0.0692308,0.0769231,0.0153846,0.0230769,-113.5219007,53.5627184,TRUE,2
16,595,16,Spruce Avenue,1.214704565,166350500,279580.6723,WARD 2,92,98,62,21,14,14,5,2,449,0.2987013,0.6168831,0.8181818,0.9318182,0.9772727,0.9935065,0.5931308,0.4068692,308,0.8863636,0.6168831,0.3149351,0.0681818,1,0.057539397,0.000164748,0.3181818,0.2012987,0.0681818,0.0454545,0.0454545,0.0162338,0.0064935,-113.4993249,53.56414287,TRUE,3
17,767,17,Westwood,0.983008029,195052500,254305.7366,WARD 2,381,321,124,36,22,14,2,3,924,0.4219269,0.7774087,0.9147287,0.978959,0.9944629,0.9966778,0.5057471,0.4942529,903,0.9545958,0.7774087,0.2015504,0.021041,1,0.046873619,0.00013336,0.3554817,0.13732,0.0398671,0.0243632,0.0155039,0.0022148,0.0033223,-113.4982738,53.57612192,TRUE,3
18,619,18,High Park,0.719230112,200146000,323337.6414,WARD 1,42,61,50,34,13,7,3,3,450,0.1971831,0.4835681,0.7183099,0.9389671,0.971831,0.9859155,0.6787331,0.321267,213,0.8779343,0.4835681,0.4553991,0.0610329,1,0.040481531,9.75E-05,0.286385,0.2347418,0.1596244,0.0610329,0.0328638,0.0140845,0.0140845,-113.5841964,53.55497783,TRUE,2
19,491,19,McQueen,0.705743961,165937500,337958.2485,WARD 6,85,87,83,42,22,26,12,4,430,0.2354571,0.4764543,0.7063712,0.8836565,0.9556786,0.9889197,0.5436157,0.4563843,361,0.8227147,0.4764543,0.4072022,0.1163435,1,0.040118729,9.57E-05,0.2409972,0.2299169,0.1163435,0.0609418,0.0720222,0.033241,0.0110803,-113.5718432,53.55495089,TRUE,2
20,1153,20,Highlands,1.14709706,489270000,424345.1865,WARD 7,72,137,170,108,74,70,36,35,500,0.1025641,0.2977208,0.5398861,0.7991453,0.8988604,0.9501424,0.4159734,0.5840266,702,0.6937322,0.2977208,0.5014245,0.2008547,0,0.063987276,0.000155588,0.1951567,0.2421652,0.1538462,0.1054131,0.0997151,0.0512821,0.0498575,-113.4316034,53.56716747,FALSE,1
21,797,21,Elmwood,1.025925189,262364000,329189.4605,WARD 5,112,260,228,80,33,22,4,4,255,0.1507402,0.5006729,0.807537,0.9596232,0.9892328,0.9946164,0.255511,0.744489,743,0.9152086,0.5006729,0.4589502,0.0403768,1,0.052209635,0.000138988,0.3499327,0.3068641,0.1076716,0.0444145,0.0296097,0.0053836,0.0053836,-113.6059678,53.5157985,TRUE,2
22,758,22,Thorncliff,0.898130392,213179000,281238.7863,WARD 5,45,96,84,32,27,14,6,5,956,0.1456311,0.4563107,0.7281553,0.9190938,0.9644013,0.9838188,0.7557312,0.2442688,309,0.8317152,0.4563107,0.4627832,0.0809061,0,0.046553876,0.000121678,0.3106796,0.2718447,0.1035599,0.0873786,0.0453074,0.0194175,0.0161812,-113.6230909,53.5162556,FALSE,2
23,1261,23,Casselman,0.840373166,291897500,231480.9675,WARD 4,175,283,265,93,55,33,14,2,467,0.1902174,0.4978261,0.7858695,0.9467391,0.9826087,0.9978261,0.3366979,0.6633021,920,0.8869565,0.4978261,0.448913,0.0532609,1,0.043464829,0.000114103,0.3076087,0.2880435,0.101087,0.0597826,0.0358696,0.0152174,0.0021739,-113.4241088,53.61128775,TRUE,2
24,1197,24,Glengarry,1.344767417,305824000,255492.0635,WARD 7,200,149,128,59,21,26,6,2,650,0.3384095,0.5905246,0.8071066,0.9424704,0.9864636,0.9966159,0.5237712,0.4762288,591,0.9069374,0.5905246,0.3519458,0.0575296,1,0.064352433,0.000182522,0.2521151,0.2165821,0.0998308,0.035533,0.0439932,0.0101523,0.0033841,-113.4796225,53.59583152,TRUE,2
25,1804,25,Queen Alexandra,1.235991391,521055500,288833.4257,WARD 8,365,465,427,175,85,72,21,19,1261,0.2240638,0.509515,0.771639,0.9312462,0.975445,0.9883364,0.4363322,0.5636678,1629,0.8790669,0.509515,0.4217311,0.0687538,1,0.052335201,0.000167431,0.2854512,0.262124,0.1074279,0.0521793,0.0441989,0.0128913,0.0116636,-113.5047987,53.5122913,TRUE,2
26,728,26,North Glenora,0.866766206,301196500,413731.456,WARD 6,66,105,143,65,56,58,16,21,273,0.1245283,0.3226415,0.5924528,0.8207547,0.9301887,0.9603773,0.3399751,0.6600249,530,0.7150943,0.3226415,0.4981132,0.1792453,0,0.04641879,0.000117532,0.1981132,0.2698113,0.1226415,0.1056604,0.109434,0.0301887,0.0396226,-113.5582245,53.55485365,FALSE,1
27,974,27,Kildare,1.188673329,246351500,252927.6181,WARD 7,138,248,161,40,21,15,3,3,537,0.2193959,0.6136725,0.8696343,0.9666137,0.9904611,0.9952305,0.4605489,0.5394511,629,0.9332274,0.6136725,0.3529412,0.0333863,1,0.061751248,0.000161364,0.3942766,0.2559618,0.063593,0.0333863,0.0238474,0.0047695,0.0047695,-113.4559796,53.60299807,TRUE,3
28,934,28,Allendale,0.8835313,388150500,415578.6938,WARD 10,66,112,123,59,30,33,11,9,815,0.1489842,0.4018059,0.6794583,0.8803612,0.9548533,0.979684,0.6478537,0.3521463,443,0.8126411,0.4018059,0.4785553,0.1196388,0,0.045613747,0.000119658,0.2528217,0.2776524,0.1331828,0.0677201,0.0744921,0.0248307,0.020316,-113.5048301,53.50230468,FALSE,2
29,978,29,Parkallen,0.848906409,394228500,403096.6258,WARD 10,52,127,147,73,52,47,28,27,500,0.0940325,0.323689,0.5895118,0.8155515,0.9005425,0.9511754,0.4748338,0.5251662,553,0.721519,0.323689,0.4918626,0.1844485,0,0.044762938,0.000114972,0.2296564,0.2658228,0.1320072,0.0940325,0.084991,0.0506329,0.0488246,-113.5175935,53.50337059,FALSE,1
30,589,30,Prince Charles,0.790115376,180019500,305635.8234,WARD 2,37,54,64,26,9,6,2,1,387,0.1859296,0.4572864,0.7788945,0.9547738,0.9849246,0.9949749,0.6604096,0.3395904,199,0.9095477,0.4572864,0.4974874,0.0452261,0,0.041695774,0.00010719,0.2713568,0.321608,0.1306533,0.0452261,0.0301508,0.0100503,0.0050251,-113.536049,53.57545922,FALSE,2
31,707,31,Woodcroft,1.291675612,215524000,304842.9986,WARD 2,214,121,107,32,24,29,6,5,642,0.3977695,0.6226766,0.8215613,0.9256505,0.9795539,0.9907063,0.5440678,0.4559322,538,0.8810409,0.6226766,0.302974,0.0743494,1,0.054309468,0.000175191,0.2249071,0.1988848,0.0594796,0.0446097,0.0539033,0.0111524,0.0092937,-113.5581399,53.56474345,TRUE,3
32,601,32,Dechene,0.72424652,256375500,426581.5308,WARD 5,7,44,76,47,36,33,23,14,312,0.025,0.1821429,0.4535714,0.75,0.8678572,0.95,0.527027,0.472973,280,0.6214285,0.1821429,0.5678571,0.25,0,0.046496862,9.81E-05,0.1571429,0.2714286,0.1678571,0.1285714,0.1178571,0.0821429,0.05,-113.6365739,53.49111987,FALSE,0
33,1124,33,Athlone,1.193231368,345101500,307029.8043,WARD 2,101,170,203,81,55,46,7,10,475,0.1500743,0.4026746,0.704309,0.9063893,0.97474,0.9851412,0.4137631,0.586237,673,0.8246657,0.4026746,0.5037147,0.0936107,0,0.057294318,0.000161929,0.2526003,0.3016345,0.1203566,0.0817236,0.0683507,0.0104012,0.0148588,-113.5508863,53.58825829,FALSE,2
34,759,34,Mill Woods Town Centre,0.518415531,94021500,123875.4941,WARD 11,180,185,65,17,8,0,0,2,138,0.3938731,0.7986871,0.940919,0.9956236,0.9956236,0.9956236,0.2319328,0.7680672,457,0.9781182,0.7986871,0.1969365,0.0043764,1,0.037661191,7.01E-05,0.404814,0.1422319,0.0371991,0.0175055,0,0,0.0043764,-113.4275081,53.45639407,TRUE,3
35,1103,35,Oleskiw,1.325997817,840095500,761645.9655,WARD 5,9,28,63,57,50,60,42,93,688,0.0223881,0.0920398,0.2487562,0.5149254,0.6641791,0.7686567,0.6311927,0.3688073,402,0.3905473,0.0920398,0.4228856,0.4850746,0,0.107365169,0.000179565,0.0696517,0.1567164,0.141791,0.1243781,0.1492537,0.1044776,0.2313433,-113.6072626,53.49777192,FALSE,0
36,1358,36,Belmead,1.280633773,437434000,322116.3476,WARD 1,131,231,201,102,65,52,25,10,825,0.1603427,0.4430844,0.6891065,0.8935128,0.9571604,0.9877601,0.502436,0.497564,817,0.8139535,0.4430844,0.4504284,0.1064871,0,0.059513493,0.000173535,0.2827417,0.246022,0.124847,0.0795594,0.0636475,0.0305998,0.0122399,-113.6415999,53.52543165,FALSE,2
37,472,37,Bellevue,0.513746727,167711500,355320.9746,WARD 7,39,58,68,41,24,16,11,8,216,0.1471698,0.3660377,0.6226415,0.8679245,0.9283019,0.9698113,0.4490645,0.5509356,265,0.7773585,0.3660377,0.5018868,0.1320755,0,0.037245815,6.97E-05,0.2188679,0.2566038,0.154717,0.090566,0.0603774,0.0415094,0.0301887,-113.4456463,53.56588336,FALSE,1
38,971,38,Fulton Place,0.978513183,351123500,361610.1957,WARD 8,56,95,111,66,38,47,17,7,501,0.1281465,0.3455378,0.5995423,0.8375286,0.9450801,0.9839817,0.5341151,0.4658849,437,0.7505721,0.3455378,0.4919908,0.1624714,0,0.051652939,0.000132656,0.2173913,0.2540046,0.1510298,0.0869565,0.1075515,0.0389016,0.0160183,-113.426019,53.54601157,FALSE,1
39,509,39,Rio Terrace,0.582752356,291947500,573570.7269,WARD 5,11,44,48,32,22,47,19,22,251,0.044898,0.2244898,0.4204082,0.6408163,0.832653,0.9102041,0.5060484,0.4939516,245,0.5510204,0.2244898,0.4163265,0.3591837,0,0.040499732,7.89E-05,0.1795918,0.1959184,0.1306122,0.0897959,0.1918367,0.077551,0.0897959,-113.5849127,53.50838451,FALSE,1
40,1775,40,Ormsby Place,1.35035847,572377500,322466.1972,WARD 5,107,216,246,117,96,97,41,34,946,0.1121593,0.3385744,0.5964361,0.8197065,0.9213836,0.9643606,0.4978947,0.5021052,954,0.7190776,0.3385744,0.4811321,0.1802935,0,0.064074457,0.000182871,0.2264151,0.2578616,0.1226415,0.1006289,0.1016771,0.0429769,0.0356394,-113.642849,53.49929907,FALSE,1
41,1397,41,Calder,1.348177603,370512000,265219.7566,WARD 2,239,221,190,70,43,19,7,5,955,0.3010076,0.5793451,0.8186398,0.9609572,0.9848866,0.9937028,0.5460263,0.4539737,794,0.906801,0.5793451,0.3816121,0.0390428,1,0.065738031,0.000182955,0.2783375,0.2392947,0.0881612,0.0541562,0.0239295,0.0088161,0.0062972,-113.5291618,53.58843193,TRUE,2
42,1435,42,Parkview,1.546447997,921129500,641902.0906,WARD 1,51,116,149,93,65,94,60,95,577,0.0705394,0.230982,0.4370678,0.6556017,0.7856155,0.8686031,0.4438462,0.5561538,723,0.5656985,0.230982,0.4246196,0.3443983,0,0.082881196,0.000209545,0.1604426,0.2060858,0.1286307,0.0899032,0.1300138,0.0829876,0.131397,-113.567783,53.52394272,FALSE,1
43,1133,43,Beacon Heights,1.150205245,294276500,259732.1271,WARD 7,142,152,190,62,33,24,6,3,591,0.2320261,0.4803922,0.7908497,0.9460784,0.9852941,0.9950981,0.4912718,0.5087282,612,0.8921568,0.4803922,0.4656863,0.0539216,1,0.062073717,0.000156032,0.248366,0.3104575,0.1013072,0.0539216,0.0392157,0.0098039,0.004902,-113.4060949,53.57352504,TRUE,2
44,1626,44,Aldergrove,1.490596723,505432000,310843.7884,WARD 1,119,266,284,135,72,49,22,12,952,0.1240876,0.4014598,0.6976017,0.9134515,0.9645464,0.987487,0.4981685,0.5018315,959,0.8383733,0.4014598,0.5119917,0.0865485,0,0.062051544,0.000201952,0.2773723,0.2961418,0.1407716,0.0750782,0.0510949,0.0229406,0.012513,-113.6411587,53.51679476,FALSE,2
45,1126,45,Eastwood,1.131892245,264156500,234597.2469,WARD 7,341,306,173,42,12,12,4,1,1006,0.3827161,0.7261504,0.9203143,0.9809203,0.9943883,0.9988776,0.530311,0.469689,891,0.9674523,0.7261504,0.2547699,0.0190797,1,0.066027707,0.000153552,0.3434343,0.1941639,0.047138,0.013468,0.013468,0.0044893,0.0011223,-113.4681511,53.57444477,TRUE,3
46,851,46,Lauderdale,1.301509581,241210000,283443.0082,WARD 2,88,137,100,40,21,18,3,4,782,0.2141119,0.5474452,0.7907543,0.9391727,0.9829684,0.9902676,0.6554903,0.3445096,411,0.8880779,0.5474452,0.3917275,0.0608273,1,0.063744262,0.000176622,0.3333333,0.243309,0.0973236,0.0510949,0.0437956,0.0072993,0.0097324,-113.5042607,53.58848165,TRUE,2
47,1052,47,Rosslyn,1.342960407,292826500,278352.1863,WARD 2,251,185,185,99,42,10,6,1,522,0.322208,0.5596919,0.7971759,0.9781771,0.9910141,0.9987163,0.4012298,0.5987702,779,0.9242619,0.5596919,0.4184852,0.0218228,1,0.064070679,0.000182278,0.2374839,0.2374839,0.127086,0.0539153,0.012837,0.0077022,0.0012837,-113.5042653,53.59575935,TRUE,2
48,881,48,Killarney,1.333083361,262008000,297398.4109,WARD 7,179,284,216,64,29,11,4,2,905,0.2268694,0.5868188,0.860583,0.9784538,0.9923955,0.9974651,0.5342385,0.4657615,789,0.9416984,0.5868188,0.391635,0.0215463,1,0.06406678,0.000180906,0.3599493,0.2737643,0.0811153,0.0367554,0.0139417,0.0050697,0.0025349,-113.4795721,53.5884755,TRUE,2
49,719,49,Jasper Park,0.665285409,195373500,271729.4854,WARD 1,104,127,118,27,25,12,6,6,412,0.2447059,0.5435294,0.8211765,0.9435294,0.9717647,0.9858823,0.4922342,0.5077658,425,0.8847059,0.5435294,0.4,0.0564706,1,0.039299412,9.01E-05,0.2988235,0.277647,0.0635294,0.0588235,0.0282353,0.0141176,0.0141176,-113.5841084,53.52306995,TRUE,2
50,713,50,Richfield,0.944326678,220807500,309687.9383,WARD 11,72,82,100,30,24,12,3,1,805,0.2222222,0.4753087,0.7839506,0.9506173,0.9876543,0.9969136,0.7130204,0.2869796,324,0.8765432,0.4753087,0.4753087,0.0493827,0,0.046541191,0.000127793,0.2530864,0.308642,0.0925926,0.0740741,0.037037,0.0092593,0.0030864,-113.459061,53.46928042,FALSE,2
51,1219,51,Capilano,1.306281047,522817000,428890.0738,WARD 8,40,115,126,84,65,65,28,30,527,0.0723327,0.2802893,0.5081374,0.7775769,0.8951175,0.9457505,0.487963,0.512037,553,0.6600361,0.2802893,0.4972875,0.2224232,0,0.070877049,0.000177126,0.2079566,0.2278481,0.1518987,0.1175407,0.1175407,0.0506329,0.0542495,-113.4238106,53.55447667,FALSE,1
52,2341,52,Alberta Avenue,1.680470553,563909500,240884.0239,WARD 7,601,667,364,139,62,61,11,4,1138,0.3148245,0.6642221,0.8548979,0.9601886,0.9921425,0.9979047,0.3734821,0.6265179,1909,0.9277108,0.6642221,0.2959665,0.0398114,1,0.061910689,0.000227941,0.3493976,0.1906758,0.072813,0.0324777,0.0319539,0.0057622,0.0020953,-113.4851866,53.5684948,TRUE,3
53,741,53,Delton,0.679806538,205500000,277327.9352,WARD 7,145,155,149,42,26,23,6,3,298,0.2641166,0.5464481,0.8178506,0.9417122,0.9836066,0.9945355,0.35183,0.64817,549,0.8943534,0.5464481,0.3952641,0.0582878,1,0.048581959,9.22E-05,0.2823315,0.2714025,0.0765027,0.0473588,0.0418944,0.010929,0.0054645,-113.4825443,53.5790053,TRUE,2
54,1023,54,Minchau,0.905519016,315624000,308527.8592,WARD 12,19,59,79,42,27,21,4,3,823,0.0748032,0.3070866,0.6181102,0.8897638,0.972441,0.988189,0.7641597,0.2358403,254,0.7834646,0.3070866,0.5826772,0.1102362,0,0.073363231,0.000122536,0.2322835,0.3110236,0.1653543,0.1062992,0.0826772,0.015748,0.011811,-113.409355,53.46748793,FALSE,1
55,499,55,Sherwood,0.44069687,134968000,270476.9539,WARD 1,42,96,90,41,32,22,3,1,310,0.1284404,0.4220183,0.6972477,0.9204893,0.9877676,0.9969419,0.4866562,0.5133438,327,0.82263,0.4220183,0.498471,0.0795107,0,0.034423705,5.97E-05,0.293578,0.2752294,0.1253823,0.0978593,0.0672783,0.0091743,0.0030581,-113.584151,53.52910762,FALSE,2
56,1016,56,Greenview,0.986138127,350258500,344742.6181,WARD 11,74,147,159,89,43,50,20,16,357,0.1237458,0.3695652,0.6354515,0.8561873,0.9397993,0.9732441,0.373822,0.626178,598,0.784281,0.3695652,0.4866221,0.1438127,0,0.066383841,0.00013347,0.2458194,0.2658863,0.1488294,0.0719064,0.083612,0.0334448,0.0267559,-113.4260769,53.47547512,FALSE,1
57,1437,57,Greenfield,1.529887226,563621000,392220.5985,WARD 10,57,146,214,125,80,78,44,29,628,0.0737387,0.2626132,0.5394567,0.8046572,0.9055628,0.9624838,0.4482512,0.5517488,773,0.7011643,0.2626132,0.542044,0.1953428,0,0.063631998,0.000207046,0.1888745,0.2768435,0.1617076,0.1034929,0.1009056,0.0569211,0.0375162,-113.5272449,53.47140954,FALSE,1
58,950,58,Sherbrooke,0.926198949,270000500,284211.0526,WARD 2,61,106,116,52,28,23,6,4,670,0.1540404,0.4217172,0.7146465,0.9166667,0.9747475,0.989899,0.6285178,0.3714822,396,0.8459596,0.4217172,0.4949495,0.0833333,0,0.047387309,0.000125654,0.2676768,0.2929293,0.1313131,0.0707071,0.0580808,0.0151515,0.010101,-113.5474627,53.57622057,FALSE,2
59,795,59,Dovercourt,1.001265081,259260000,326113.2075,WARD 2,61,160,159,87,45,48,15,6,285,0.1049914,0.3803787,0.6540447,0.8812392,0.9638554,0.989673,0.3290993,0.6709007,581,0.8037866,0.3803787,0.5008606,0.1187608,0,0.049377795,0.000135835,0.2753873,0.2736661,0.1497418,0.0774527,0.0826162,0.0258176,0.010327,-113.5592012,53.57511954,FALSE,1
60,1748,60,Pleasantview,1.48039114,551409500,315451.659,WARD 10,348,332,261,83,46,45,21,21,821,0.3007779,0.5877269,0.8133103,0.9248055,0.9636992,0.9818496,0.4150657,0.5849343,1157,0.8850476,0.5877269,0.3370787,0.0751945,1,0.06203032,0.000200448,0.286949,0.2255834,0.0717373,0.039758,0.0388937,0.0181504,0.0181504,-113.5066133,53.49302206,TRUE,2
61,671,61,Lendrum Place,0.859009434,273510000,407615.4993,WARD 10,19,34,63,45,33,38,15,15,557,0.0725191,0.2022901,0.4427481,0.740458,0.8854962,0.9427481,0.6800977,0.3199023,262,0.6145038,0.2022901,0.538168,0.259542,0,0.043812463,0.000116312,0.129771,0.240458,0.1717557,0.1259542,0.1450382,0.0572519,0.0572519,-113.5226884,53.49306525,FALSE,1
62,1118,62,Meyonohk,0.873954039,296321500,265046.0644,WARD 11,47,138,156,62,23,28,8,0,650,0.1017316,0.4004329,0.7380952,0.9220779,0.982684,1,0.5845324,0.4154676,462,0.8722944,0.4004329,0.521645,0.0779221,0,0.048864258,0.000118231,0.2987013,0.3376623,0.1341991,0.0497836,0.0606061,0.017316,0,-113.4576966,53.45550891,FALSE,2
63,952,63,Kameyosek,0.72159953,225727000,237108.1933,WARD 11,237,233,123,39,16,17,3,3,435,0.3532042,0.7004471,0.8837556,0.9657228,0.9910581,0.9955291,0.3933092,0.6066908,671,0.9418778,0.7004471,0.2652757,0.0342772,1,0.04290299,9.76E-05,0.3472429,0.1833085,0.0581222,0.023845,0.0253353,0.0044709,0.0044709,-113.4419311,53.46182135,TRUE,3
64,830,64,Tipaskan,0.80429214,210648000,253792.7711,WARD 11,163,204,184,54,43,18,9,9,324,0.2383041,0.5365497,0.8055556,0.9473684,0.9736842,0.9868421,0.3214286,0.6785714,684,0.8845029,0.5365497,0.4108187,0.0526316,1,0.047889094,0.000108823,0.2982456,0.2690058,0.0789474,0.0628655,0.0263158,0.0131579,0.0131579,-113.4579015,53.46186194,TRUE,2
65,338,66,Westbrook Estates,1.165427598,357943500,1059004.438,WARD 10,17,31,32,12,11,16,18,49,296,0.0913979,0.2580645,0.4301075,0.5537634,0.6397849,0.7365592,0.6141079,0.3858921,186,0.4946237,0.2580645,0.2956989,0.4462366,0,0.076567602,0.000157713,0.1666667,0.172043,0.0645161,0.0591398,0.0860215,0.0967742,0.2634408,-113.546124,53.46860773,FALSE,1
66,874,67,Mayfield,0.867205324,257112500,294179.0618,WARD 1,46,110,90,39,27,16,10,4,523,0.1345029,0.4561403,0.7192982,0.9122807,0.9590643,0.9883041,0.6046243,0.3953757,342,0.8333333,0.4561403,0.4561403,0.0877193,0,0.048309596,0.000117593,0.3216374,0.2631579,0.1140351,0.0789474,0.0467836,0.0292398,0.0116959,-113.5981999,53.5548276,FALSE,2
67,775,68,Michaels Park,0.83203026,218521500,281963.2258,WARD 11,38,77,95,35,23,18,7,3,512,0.1283784,0.3885135,0.7094595,0.9054054,0.9662162,0.9898649,0.6336634,0.3663366,296,0.8277027,0.3885135,0.5168919,0.0945946,0,0.0448872,0.000112622,0.2601351,0.3209459,0.1182432,0.0777027,0.0608108,0.0236486,0.0101351,-113.4467236,53.47942448,FALSE,1
68,941,69,McKernan,0.878288836,506612000,538376.1955,WARD 8,114,106,106,75,92,123,107,115,270,0.1360382,0.2625298,0.3890215,0.5883055,0.7350835,0.8627685,0.2436823,0.7563177,838,0.4785203,0.2625298,0.3257757,0.4116945,0,0.055763728,0.000118977,0.1264917,0.1264917,0.0894988,0.1097852,0.146778,0.127685,0.1372315,-113.5213158,53.5125028,FALSE,1
69,1010,70,Callingwood North,0.910734692,170632500,168943.0693,WARD 5,126,247,207,50,14,8,5,2,450,0.1911988,0.5660091,0.8801214,0.9772382,0.9893779,0.9969651,0.405771,0.594229,659,0.955994,0.5660091,0.4112291,0.0227618,1,0.047204567,0.000123358,0.3748103,0.3141123,0.0758725,0.0212443,0.0121396,0.0075873,0.0030349,-113.6233038,53.50801295,TRUE,2
70,1535,75,Inglewood,1.649851099,449698000,292962.8664,WARD 2,521,536,305,178,188,180,97,98,1362,0.2477413,0.5026153,0.6476462,0.8216833,0.9072753,0.9533999,0.3930736,0.6069264,2103,0.7322872,0.5026153,0.319068,0.1783167,1,0.062376565,0.000223768,0.254874,0.1450309,0.084641,0.0893961,0.085592,0.0461246,0.0466001,-113.5407262,53.56446449,TRUE,2
71,2674,76,Wild Rose,1.772289991,983299500,367726.0658,WARD 12,32,198,273,125,100,96,34,18,1564,0.0365297,0.2625571,0.5742009,0.8310502,0.9406393,0.9794521,0.6409836,0.3590164,876,0.716895,0.2625571,0.5684931,0.1689498,0,0.075211874,0.000239843,0.2260274,0.3116438,0.1426941,0.1141552,0.109589,0.0388128,0.0205479,-113.3801404,53.47063258,FALSE,1
72,965,77,Crestwood,1.168157943,751200000,778445.5959,WARD 1,56,91,90,52,26,58,36,103,404,0.109375,0.2871094,0.4628906,0.6152344,0.7285156,0.7988281,0.441048,0.558952,512,0.5644531,0.2871094,0.328125,0.3847656,0,0.06482937,0.000158327,0.1777344,0.1757813,0.1015625,0.0507813,0.1132813,0.0703125,0.2011719,-113.5694832,53.53488221,FALSE,1
73,2520,78,Larkspur,1.658194921,647994000,257140.4762,WARD 12,80,253,339,186,94,105,40,30,594,0.0709849,0.2954747,0.5962733,0.8447205,0.9378882,0.9733807,0.3451482,0.6548519,1127,0.7613132,0.2954747,0.5492458,0.1552795,0,0.072940453,0.00022445,0.2244898,0.3007986,0.1650399,0.0834073,0.0931677,0.0354925,0.0266193,-113.384012,53.47985232,FALSE,1
74,1125,79,Weinlos,0.916813824,322927000,287046.2222,WARD 12,28,100,102,42,17,26,6,5,839,0.0858896,0.392638,0.7055215,0.886503,0.9662577,0.9846626,0.7201717,0.2798283,326,0.8343558,0.392638,0.493865,0.1134969,0,0.044698888,0.000124042,0.3067485,0.3128834,0.1288344,0.0521472,0.0797546,0.0184049,0.0153374,-113.414208,53.46010956,FALSE,1
75,1139,80,Rhatigan Ridge,1.344077714,701389500,615794.1176,WARD 9,22,42,114,62,50,75,54,81,617,0.044,0.128,0.356,0.58,0.73,0.838,0.5523725,0.4476276,500,0.48,0.128,0.452,0.42,0,0.069493914,0.000181918,0.084,0.228,0.124,0.1,0.15,0.108,0.162,-113.5884994,53.47484921,FALSE,0
76,1211,81,Ramsay Heights,1.310839702,513752500,424238.2329,WARD 9,69,198,239,118,86,105,72,77,398,0.0715768,0.276971,0.5248963,0.7365145,0.8454357,0.9201245,0.2922173,0.7077827,964,0.6473029,0.276971,0.4595436,0.2634855,0,0.062856363,0.000177452,0.2053942,0.2479253,0.1224066,0.0892116,0.1089212,0.0746888,0.0798755,-113.5794207,53.4833151,FALSE,1
77,879,82,Menisa,0.894269779,292198500,332421.5017,WARD 11,235,186,175,80,51,40,13,5,140,0.299363,0.5363057,0.7592357,0.9261147,0.9770701,0.9936306,0.1513513,0.8486487,785,0.8611465,0.5363057,0.3898089,0.0738854,1,0.048835187,0.000120942,0.2369427,0.2229299,0.1019108,0.0649682,0.0509554,0.0165605,0.0063694,-113.4468409,53.44215756,TRUE,2
78,138,83,Quesnell Heights,0.207152766,114428500,829192.029,WARD 5,0,1,9,2,8,10,5,12,73,0,0.0212766,0.212766,0.4255319,0.6382979,0.7446808,0.6083333,0.3916667,47,0.2553191,0.0212766,0.4042553,0.5744681,0,0.0261259,2.81E-05,0.0212766,0.1914894,0.0425532,0.1702128,0.212766,0.106383,0.2553191,-113.5735975,53.50928373,FALSE,0
79,366,84,Blue Quill Estates,0.44251268,180181000,492297.8142,WARD 10,34,83,73,50,36,23,9,21,162,0.1033435,0.3556231,0.5775076,0.8389058,0.9088146,0.9361702,0.3299389,0.6700611,329,0.7294833,0.3556231,0.4832827,0.1610942,0,0.040549796,5.99E-05,0.2522796,0.2218845,0.1519757,0.1094225,0.0699088,0.0273556,0.0638298,-113.5405993,53.45787976,FALSE,1
80,1156,88,Miller,0.82683283,344231500,297778.1142,WARD 4,53,262,192,51,48,22,10,4,475,0.0825545,0.4906542,0.7897196,0.9439253,0.9781932,0.9937695,0.4252462,0.5747538,642,0.8691589,0.4906542,0.453271,0.0560748,1,0.047228354,0.000112264,0.4080997,0.2990654,0.0794393,0.0747664,0.0342679,0.0155763,0.0062305,-113.4127639,53.61083661,TRUE,2
81,1112,89,Canora,0.88185589,273935000,246344.4245,WARD 1,120,151,97,32,21,7,3,3,1076,0.2764977,0.624424,0.8479263,0.9700461,0.9861751,0.9930875,0.7125828,0.2874172,434,0.921659,0.624424,0.3456221,0.0299539,1,0.043866845,0.000119555,0.3479263,0.2235023,0.0737327,0.0483871,0.016129,0.0069124,0.0069124,-113.584224,53.54619838,TRUE,3
82,685,90,Falconer Heights,0.650281691,310584000,453407.2993,WARD 9,39,79,88,53,52,53,29,38,378,0.0904872,0.2737819,0.4779582,0.7215777,0.8445476,0.9118329,0.4672435,0.5327565,431,0.6009281,0.2737819,0.4477958,0.2784223,0,0.041529143,8.80E-05,0.1832947,0.2041763,0.1229698,0.1206497,0.1229698,0.0672854,0.0881671,-113.5895186,53.46662481,FALSE,1
83,1040,91,Wellington,1.219223012,292769000,281508.6538,WARD 2,101,181,197,51,31,23,4,2,590,0.1711864,0.4779661,0.8118644,0.9508474,0.9898305,0.9966102,0.5,0.5,590,0.8983051,0.4779661,0.4728813,0.0491525,1,0.060245629,0.000165484,0.3067797,0.3338983,0.0864407,0.0525424,0.0389831,0.0067797,0.0033898,-113.5526223,53.59585934,TRUE,2
84,1867,93,Terra Losa,0.761298589,271391500,145362.346,WARD 1,158,265,198,62,23,22,7,2,565,0.2143826,0.5739484,0.8426052,0.9579376,0.9877883,0.9972863,0.4339478,0.5660522,737,0.92673,0.5739484,0.3839892,0.0420624,1,0.044140121,0.000103181,0.3595658,0.2686567,0.0841248,0.0312076,0.0298507,0.009498,0.0027137,-113.622864,53.533746,TRUE,2
85,757,96,West Jasper Place,0.890709249,223837500,295690.2246,WARD 1,169,309,83,27,22,14,7,4,839,0.2661417,0.7527559,0.8834646,0.9606299,0.9826772,0.9937008,0.5691994,0.4308006,635,0.9259843,0.7527559,0.207874,0.0393701,1,0.044659767,0.000120727,0.4866142,0.1307087,0.0425197,0.0346457,0.0220472,0.0110236,0.0062992,-113.5841405,53.53641463,TRUE,3
86,1066,97,West Meadowlark Park,1.117036551,277366500,260193.7148,WARD 1,60,116,99,44,25,13,3,0,1110,0.1666667,0.4888889,0.7638889,0.9555556,0.9916667,1,0.755102,0.244898,360,0.8861111,0.4888889,0.4666667,0.0444444,1,0.04911469,0.000151366,0.3222222,0.275,0.1222222,0.0694444,0.0361111,0.0083333,0,-113.6090413,53.52559308,TRUE,2
87,1056,98,Westview Village,0.925794461,62164000,58867.42424,WARD 1,85,121,114,16,17,5,0,1,684,0.2367688,0.5738162,0.8913649,0.9832869,0.9972145,0.9972145,0.6558006,0.3441994,359,0.9359332,0.5738162,0.4094708,0.0167131,1,0.064235386,0.000125533,0.3370474,0.3175488,0.0445682,0.0473538,0.0139276,0,0.0027855,-113.6978071,53.55247662,TRUE,2
88,684,103,Evergreen,0.656219202,37590500,54956.87135,WARD 4,60,87,55,26,14,3,2,0,439,0.242915,0.5951417,0.8178138,0.9797571,0.9919028,1,0.6399417,0.3600583,247,0.9230769,0.5951417,0.3846154,0.0202429,1,0.038836921,8.91E-05,0.3522267,0.2226721,0.1052632,0.0566802,0.0121457,0.0080972,0,-113.3504245,53.63224635,TRUE,2
89,1527,105,Glenora,1.621639897,1014113000,664121.1526,WARD 6,51,85,124,64,55,75,45,108,838,0.0840198,0.2240527,0.4283361,0.6243822,0.7479407,0.8220758,0.5799308,0.4200692,607,0.5337726,0.2240527,0.4003295,0.3756178,0,0.096512633,0.000219842,0.1400329,0.2042834,0.1054366,0.0906096,0.1235585,0.0741351,0.1779242,-113.5556936,53.545098,FALSE,1
90,1093,106,Blue Quill,1.058049468,340367500,311406.6789,WARD 10,142,362,218,72,30,40,25,18,1034,0.1565601,0.5556781,0.7960309,0.9084895,0.9525909,0.9801543,0.5327151,0.4672849,907,0.8754135,0.5556781,0.3528115,0.0915105,1,0.056171248,0.000143145,0.399118,0.2403528,0.0793826,0.0330761,0.0441014,0.0275634,0.0198456,-113.5264108,53.4577798,TRUE,2
91,1450,107,Hodgson,0.690446066,517380000,356813.7931,WARD 9,48,92,155,91,43,86,45,87,295,0.0741886,0.2163833,0.4559505,0.6630603,0.7959815,0.8655332,0.3131635,0.6868365,647,0.5965997,0.2163833,0.446677,0.3369397,0,0.046166197,9.34E-05,0.1421947,0.2395672,0.1406492,0.0664606,0.1329212,0.0695518,0.1344668,-113.5596228,53.45762676,FALSE,1
92,738,108,Rideau Park,0.801660987,173093500,234544.0379,WARD 10,152,173,128,39,28,23,15,4,524,0.2704626,0.5782918,0.8060498,0.9252669,0.9661922,0.9928825,0.4825046,0.5174954,562,0.8754448,0.5782918,0.3469751,0.0747331,1,0.05422288,0.000108511,0.3078292,0.227758,0.069395,0.0498221,0.0409253,0.0266904,0.0071174,-113.5075932,53.47896092,TRUE,2
93,1220,109,Duggan,1.390157265,445493500,365158.6066,WARD 10,188,283,283,164,92,74,29,20,555,0.1659312,0.4157105,0.6654899,0.8914387,0.956752,0.9823477,0.3287915,0.6712086,1133,0.8102383,0.4157105,0.4757282,0.1085613,0,0.061731381,0.000188137,0.2497793,0.2497793,0.1447484,0.0812004,0.0653133,0.0255958,0.0176523,-113.506117,53.47175253,FALSE,2
94,831,110,Hairsine,0.659467121,184608500,222152.2262,WARD 4,109,197,141,57,30,22,5,1,406,0.1939502,0.544484,0.7953737,0.9501779,0.9893239,0.9982206,0.4194215,0.5805785,562,0.8967972,0.544484,0.4056939,0.0498221,1,0.040490684,8.95E-05,0.3505338,0.2508897,0.1014235,0.0533808,0.0391459,0.0088968,0.0017794,-113.3904447,53.60378749,TRUE,2
95,663,112,Richford,0.591263813,204801500,308901.2066,WARD 9,13,50,55,27,15,17,16,19,91,0.0613208,0.2971698,0.5566038,0.754717,0.8349057,0.9103774,0.30033,0.69967,212,0.6839623,0.2971698,0.4575472,0.245283,0,0.046588365,7.99E-05,0.2358491,0.259434,0.1273585,0.0707547,0.0801887,0.0754717,0.0896226,-113.5076311,53.42694161,FALSE,1
96,1449,113,Parkdale,0.951677388,316566500,218472.3948,WARD 7,253,209,192,48,17,6,3,2,872,0.3465753,0.6328767,0.8958904,0.9849315,0.9931507,0.9972603,0.5443196,0.4556804,730,0.9616438,0.6328767,0.3520548,0.0150685,1,0.051220842,0.00012908,0.2863014,0.2630137,0.0657534,0.0232877,0.0082192,0.0041096,0.0027397,-113.470973,53.56628899,TRUE,3
97,1165,114,Bannerman,0.733094192,275979000,236891.8455,WARD 4,172,239,280,111,43,41,9,7,255,0.1906874,0.4556541,0.7660754,0.9368071,0.9822617,0.9922395,0.2203976,0.7796024,902,0.8891352,0.4556541,0.481153,0.0631929,0,0.041122005,9.95E-05,0.2649667,0.3104213,0.1230599,0.0476718,0.0454545,0.0099778,0.0077605,-113.379105,53.60374921,FALSE,2
98,1186,115,Belle Rive,1.173442632,492326500,415115.0927,WARD 3,62,174,203,87,51,62,20,16,487,0.0918519,0.3496296,0.6503704,0.8548148,0.9466667,0.9762963,0.419105,0.580895,675,0.7792593,0.3496296,0.5051852,0.1451852,0,0.051893561,0.000159368,0.2577778,0.3007407,0.1288889,0.0755556,0.0918519,0.0296296,0.0237037,-113.4736053,53.62223228,FALSE,1
99,950,116,Skyrattler,0.617908799,212043500,223203.6842,WARD 10,94,222,232,73,32,34,12,6,393,0.1333333,0.448227,0.7773049,0.9262412,0.9744681,0.9914894,0.3579235,0.6420765,705,0.8808511,0.448227,0.4780142,0.0737589,0,0.047557925,8.36E-05,0.3148936,0.329078,0.1035461,0.0453901,0.0482269,0.0170213,0.0085106,-113.5233281,53.45122862,FALSE,2
100,1206,117,Bisset,0.943123749,334012000,276958.5406,WARD 12,74,189,183,62,42,27,5,7,782,0.1256367,0.4465195,0.7572156,0.9337861,0.9796265,0.9881154,0.5703866,0.4296134,589,0.8624788,0.4465195,0.4872665,0.0662139,0,0.047413276,0.000127598,0.3208829,0.3106961,0.1052632,0.0713073,0.0458404,0.008489,0.0118845,-113.400531,53.45887671,FALSE,2
101,1,118,CPR Irvine,0.663610227,258500,258500,WARD 11,10,3,19,9,5,9,0,4,40,0.1694915,0.220339,0.5423729,0.779661,0.9322034,0.9322034,0.4040404,0.5959596,59,0.6949152,0.220339,0.5593221,0.220339,0,0.050659624,8.99E-05,0.0508475,0.3220339,0.1525424,0.0847458,0.1525424,0,0.0677966,-113.4902243,53.50763661,FALSE,1
102,1160,119,Royal Gardens,1.218698963,318175000,274288.7931,WARD 10,121,199,224,68,31,38,19,7,695,0.1711457,0.4526167,0.7694484,0.9094766,0.9632249,0.990099,0.4957204,0.5042796,707,0.8656294,0.4526167,0.45686,0.0905233,0,0.061739863,0.000164954,0.281471,0.3168317,0.096181,0.0438472,0.0537482,0.0268741,0.009901,-113.5279762,53.47963417,FALSE,2
103,1140,120,Tawa,0.664650395,203954500,178907.4561,WARD 11,91,166,146,35,22,17,2,1,456,0.1895833,0.5354167,0.8395833,0.9583333,0.99375,0.9979166,0.4871795,0.5128205,480,0.9125,0.5354167,0.4229167,0.0416667,1,0.042260692,8.99E-05,0.3458333,0.3041667,0.0729167,0.0458333,0.0354167,0.0041667,0.0020833,-113.4281248,53.46222525,TRUE,2
104,802,126,Ekota,0.819662373,236972500,295476.9327,WARD 11,53,107,108,35,24,29,8,3,546,0.1444142,0.4359673,0.7302452,0.8910082,0.9700273,0.9918256,0.5980285,0.4019715,367,0.8256131,0.4359673,0.4550409,0.1089918,0,0.044522373,0.000110871,0.2915531,0.2942779,0.0953678,0.0653951,0.0790191,0.0217984,0.0081744,-113.4427031,53.44949262,FALSE,2
105,1226,127,Satoo,1.312643904,370959000,302576.6721,WARD 11,73,160,228,100,70,39,13,11,531,0.1051873,0.3357349,0.6642652,0.9092219,0.9654179,0.9841499,0.4334694,0.5665306,694,0.8083574,0.3357349,0.573487,0.0907781,0,0.059225872,0.000177542,0.2305475,0.3285303,0.1440922,0.1008646,0.056196,0.018732,0.0158501,-113.4589965,53.44664173,FALSE,1
106,1330,132,Canon Ridge,0.652771302,189593500,142551.5038,WARD 4,27,125,139,109,72,31,9,1,516,0.0526316,0.2962963,0.5672514,0.920078,0.9805068,0.9980507,0.5014578,0.4985423,513,0.7797271,0.2962963,0.6237817,0.079922,0,0.043560761,8.86E-05,0.2436647,0.2709552,0.2124756,0.1403509,0.0604289,0.0175439,0.0019493,-113.37889,53.57872578,FALSE,1
107,2220,134,Kiniski Gardens,1.959488942,758761000,341784.2342,WARD 12,72,238,424,209,121,101,42,30,953,0.0582053,0.2506063,0.593371,0.8601455,0.9417947,0.9757478,0.4351598,0.5648402,1237,0.7623282,0.2506063,0.6095392,0.1398545,0,0.072362936,0.000265204,0.192401,0.3427648,0.1689572,0.0978173,0.0816492,0.0339531,0.0242522,-113.4012067,53.47502989,FALSE,1
108,1318,135,Blackmud Creek,0.780653205,458194000,347643.3991,WARD 9,35,92,159,109,82,118,50,52,341,0.0502152,0.1822095,0.41033,0.6843616,0.8536586,0.9253945,0.3285164,0.6714836,697,0.5667145,0.1822095,0.5021521,0.3156385,0,0.054456187,0.000105523,0.1319943,0.2281205,0.1563845,0.1176471,0.169297,0.071736,0.0746055,-113.5109475,53.42036693,FALSE,0
109,2414,137,Ellerslie,1.579639761,683313000,283062.5518,WARD 12,41,148,290,138,71,56,19,7,1213,0.0532468,0.2454545,0.6220779,0.8935065,0.9662338,0.9909091,0.6116995,0.3883006,770,0.8012987,0.2454545,0.648052,0.1064935,0,0.073602528,0.000213563,0.1922078,0.3766234,0.1792208,0.0922078,0.0727273,0.0246753,0.0090909,-113.4572681,53.42842592,FALSE,1
110,653,138,Blackburne,0.726414953,253284500,387878.2542,WARD 9,24,83,87,65,34,55,20,22,167,0.0615385,0.274359,0.4974359,0.751282,0.8923077,0.9435897,0.2998205,0.7001795,390,0.6641026,0.274359,0.4769231,0.2487179,0,0.059682103,9.82E-05,0.2128205,0.2230769,0.1666667,0.0871795,0.1410256,0.0512821,0.0564103,-113.5025537,53.43010574,FALSE,1
111,206,139,Virginia Park,0.507584423,84604000,410699.0291,WARD 7,204,26,22,10,5,10,3,1,138,0.7259787,0.8185053,0.8967972,0.9501779,0.9857651,0.9964413,0.3293556,0.6706444,281,0.9323843,0.8185053,0.1316726,0.0498221,1,0.044539669,6.88E-05,0.0925267,0.0782918,0.0355872,0.0177936,0.0355872,0.0106762,0.0035587,-113.4522807,53.56141274,TRUE,4
112,1654,141,La Perle,1.33533148,507173000,306634.2201,WARD 1,229,293,282,129,76,64,23,12,845,0.2066787,0.4711191,0.7256318,0.9106498,0.9684116,0.9891697,0.4326677,0.5673323,1108,0.8420578,0.4711191,0.4395307,0.0893502,1,0.063239785,0.000180979,0.2644404,0.2545126,0.116426,0.0685921,0.0577617,0.0207581,0.0108303,-113.6398108,53.53339967,TRUE,2
113,2091,144,Lymburn,1.561583371,643265500,307635.3419,WARD 5,141,346,418,227,136,115,41,21,682,0.0975779,0.3370242,0.6262976,0.8775086,0.9570934,0.9854671,0.3206394,0.6793606,1445,0.783391,0.3370242,0.5404844,0.1224914,0,0.065949791,0.000211509,0.2394464,0.2892734,0.1570934,0.0941176,0.0795848,0.0283737,0.0145329,-113.6421586,53.50753746,FALSE,1
114,759,146,Gariepy,0.679194875,335295000,441758.8933,WARD 5,14,185,74,33,20,28,16,19,348,0.0359897,0.5115681,0.7017995,0.8380463,0.9100257,0.9511568,0.4721845,0.5278155,389,0.7866324,0.5115681,0.3264782,0.1619537,1,0.05300831,9.20E-05,0.4755784,0.1902314,0.0848329,0.0514139,0.0719794,0.0411311,0.0488432,-113.6224545,53.49377143,TRUE,2
115,626,147,Henderson Estates,0.786737951,450974000,720405.7508,WARD 9,14,34,61,48,50,50,34,97,226,0.0360825,0.1237113,0.2809278,0.5335051,0.6623712,0.75,0.3680782,0.6319218,388,0.4046392,0.1237113,0.4097938,0.4664949,0,0.059987326,0.000106464,0.0876289,0.1572165,0.1237113,0.128866,0.128866,0.0876289,0.25,-113.598512,53.4676569,FALSE,0
116,3045,148,MacEwan,1.140835821,748988500,245973.2348,WARD 9,69,274,360,187,128,104,37,11,1064,0.0589744,0.2931624,0.6008547,0.8700855,0.9589744,0.9905983,0.4762757,0.5237243,1170,0.7606838,0.2931624,0.5769231,0.1299145,0,0.058369715,0.000154241,0.234188,0.3076923,0.1598291,0.1094017,0.0888889,0.0316239,0.0094017,-113.5274048,53.42844755,FALSE,1
117,1096,149,Central McDougall,1.202116938,170294000,155377.7372,WARD 6,610,435,172,32,17,7,2,4,1714,0.4769351,0.8170446,0.9515246,0.9898358,0.9953088,0.9968725,0.5726696,0.4273304,1279,0.9765442,0.8170446,0.1727912,0.0101642,1,0.051277566,0.000162999,0.3401095,0.1344801,0.0250195,0.0132916,0.005473,0.0015637,0.0031274,-113.5010402,53.55335856,TRUE,4
118,11380,150,Oliver,1.702120282,1936671000,170181.9859,WARD 6,1413,1611,1505,537,277,231,91,120,6716,0.2442524,0.5227312,0.7828868,0.9235955,0.9635264,0.9792567,0.537237,0.462763,5785,0.8757131,0.5227312,0.4008643,0.0764045,1,0.082300992,0.000230738,0.2784788,0.2601556,0.0928263,0.0478825,0.0399309,0.0157303,0.0207433,-113.5215616,53.54245103,TRUE,2
119,1757,151,Boyle Street,0.881352148,223975000,127475.811,WARD 6,826,487,303,87,41,32,10,14,2172,0.4588889,0.7294444,0.8977778,0.9688889,0.9866667,0.9922222,0.5468278,0.4531722,1800,0.9461111,0.7294444,0.2394444,0.0311111,1,0.056598731,0.000119493,0.2705556,0.1683333,0.0483333,0.0227778,0.0177778,0.0055556,0.0077778,-113.4788074,53.54886162,TRUE,3
120,804,152,Webber Greens,1.133201915,366654000,456037.3134,WARD 1,11,26,71,41,44,42,11,6,432,0.0436508,0.1468254,0.4285714,0.765873,0.9325397,0.9761904,0.6315789,0.368421,252,0.5912699,0.1468254,0.6190476,0.234127,0,0.068111457,0.000153575,0.1031746,0.281746,0.1626984,0.1746032,0.1666667,0.0436508,0.0238095,-113.6762102,53.53075966,FALSE,0
121,2336,153,Ritchie,1.270101654,673862000,288468.3219,WARD 11,208,346,378,170,120,88,41,43,654,0.1492109,0.3974175,0.6685796,0.876614,0.9397417,0.9691535,0.3193359,0.6806641,1394,0.7905309,0.3974175,0.4791965,0.1233859,0,0.079799863,0.000172055,0.2482066,0.2711621,0.1219512,0.0860832,0.0631277,0.0294118,0.0308465,-113.4809402,53.51304527,FALSE,1
122,878,155,Malmo Plains,0.940940724,304769000,347117.3121,WARD 10,58,178,163,63,42,46,20,16,644,0.0989761,0.4027304,0.6808874,0.8600683,0.9385666,0.9726962,0.5235772,0.4764228,586,0.7883959,0.4027304,0.4573379,0.1399317,0,0.059211587,0.000127393,0.3037543,0.278157,0.1075085,0.0716724,0.0784983,0.0341297,0.0273038,-113.5290203,53.48566139,FALSE,2
123,894,156,McLeod,0.966538217,295393500,330417.7852,WARD 4,85,155,143,70,42,39,6,5,317,0.1559633,0.440367,0.7027523,0.9082569,0.9798165,0.9908257,0.3677494,0.6322506,545,0.8311927,0.440367,0.4678899,0.0917431,0,0.045316475,0.00013123,0.2844037,0.2623853,0.1284404,0.0770642,0.0715596,0.0110092,0.0091743,-113.4368199,53.61052049,FALSE,2
124,1999,158,Griesbach,2.696720743,769092000,384738.3692,WARD 2,39,116,167,72,66,77,48,24,1145,0.0640394,0.2545156,0.5287356,0.7553366,0.8817734,0.9605911,0.6527936,0.3472064,609,0.6469622,0.2545156,0.500821,0.2446634,0,0.078833911,0.000366115,0.1904762,0.27422,0.1182266,0.1083744,0.1264368,0.0788177,0.0394089,-113.5042769,53.60678585,FALSE,1
125,1107,159,Holyrood,1.285449378,455540500,411509.0334,WARD 8,63,140,161,71,83,62,27,19,906,0.100639,0.3242812,0.5814697,0.827476,0.9265175,0.9696485,0.5913838,0.4086162,626,0.6948882,0.3242812,0.5031949,0.172524,0,0.052920965,0.000174208,0.2236422,0.2571885,0.1134185,0.1325879,0.0990415,0.043131,0.0303514,-113.4499804,53.53124577,FALSE,1
126,2010,160,Hollick-Kenyon,1.533471317,701011000,348761.6915,WARD 4,81,255,384,233,125,145,54,32,765,0.0618793,0.2566845,0.5500382,0.8235294,0.934301,0.9755539,0.3688525,0.6311476,1309,0.7280366,0.2566845,0.5668449,0.1764706,0,0.066443914,0.000208264,0.1948052,0.2933537,0.1779985,0.0954927,0.1107716,0.0412529,0.0244461,-113.4225011,53.62263175,FALSE,1
127,634,161,Carter Crest,0.666752726,321354500,506868.2965,WARD 9,5,30,54,36,30,43,26,37,350,0.0191571,0.1340996,0.3409962,0.5938697,0.7586207,0.8582376,0.5728315,0.4271686,261,0.4789272,0.1340996,0.4597701,0.4061303,0,0.054781316,9.02E-05,0.1149425,0.2068966,0.137931,0.1149425,0.164751,0.0996169,0.1417625,-113.5779691,53.46393864,FALSE,0
128,1624,164,Tamarack,2.561403711,618571000,380893.4729,WARD 12,103,242,293,129,64,69,28,12,498,0.1095745,0.3670213,0.6787234,0.8840426,0.9574468,0.9872341,0.3463143,0.6536857,940,0.8159574,0.3670213,0.5170213,0.1159574,0,0.086474678,0.000346601,0.2574468,0.3117021,0.137234,0.0680851,0.0734043,0.0297872,0.012766,-113.3622033,53.4666723,FALSE,1
129,998,165,Maple,1.831670312,357210000,357925.8517,WARD 12,6,41,77,37,13,22,10,5,197,0.028436,0.2227488,0.5876777,0.8246446,0.92891,0.9763033,0.4828431,0.5171568,211,0.7630332,0.2227488,0.6018957,0.1753554,0,0.071645522,0.0002479,0.1943128,0.3649289,0.1753554,0.0616114,0.1042654,0.0473934,0.0236967,-113.3514757,53.47421661,FALSE,1
130,1213,166,Keheewin,1.265769698,382136000,315033.8005,WARD 10,68,144,138,70,33,38,14,15,695,0.1307692,0.4076923,0.6730769,0.8711538,0.9442308,0.9711539,0.5720165,0.4279836,520,0.8076923,0.4076923,0.4634615,0.1288462,0,0.062412153,0.000171217,0.2769231,0.2653846,0.1346154,0.0634615,0.0730769,0.0269231,0.0288462,-113.5044399,53.45035332,FALSE,2
131,3356,167,Westmount,1.864280637,965121000,287580.7509,WARD 6,233,378,388,172,132,126,84,91,1448,0.1452618,0.3809227,0.6228179,0.8123441,0.8908978,0.9432668,0.474443,0.525557,1604,0.7300498,0.3809227,0.4314215,0.1876559,0,0.077127074,0.000252779,0.2356609,0.2418953,0.1072319,0.0822943,0.0785536,0.0523691,0.0567332,-113.5400735,53.55222673,FALSE,1
132,1634,170,Kilkenny,1.749930586,471571500,288599.4492,WARD 3,208,321,250,110,72,40,20,7,1007,0.2023346,0.5145915,0.7577821,0.9348249,0.9737354,0.9931906,0.4948403,0.5051597,1028,0.864786,0.5145915,0.4202335,0.0651751,1,0.069444665,0.000237596,0.3122568,0.2431907,0.1070039,0.0700389,0.0389105,0.0194553,0.0068093,-113.4545752,53.61101072,TRUE,2
133,5309,171,Rutherford,2.249955066,1523373000,286941.6086,WARD 9,130,368,621,334,255,273,99,77,1938,0.0602689,0.2308762,0.5187761,0.7918405,0.9184052,0.9643023,0.4732601,0.52674,2157,0.6736208,0.2308762,0.5609643,0.2081595,0,0.072347017,0.00030412,0.1706073,0.2878999,0.1548447,0.1182197,0.1265647,0.0458971,0.0356977,-113.5298911,53.41833397,FALSE,1
134,1297,172,Mayliewan,1.195862429,552508500,425989.5914,WARD 3,43,90,100,98,63,57,34,18,751,0.0854871,0.2644135,0.4632207,0.7833002,0.8966203,0.9642147,0.5988836,0.4011164,503,0.6580517,0.2644135,0.5188867,0.2166998,0,0.055843817,0.000162414,0.1789264,0.1988072,0.194831,0.1252485,0.1133201,0.0675944,0.0357853,-113.4610565,53.6223391,FALSE,1
135,1475,173,Caernarvon,1.228850194,395036500,267821.3559,WARD 2,82,208,210,75,40,23,7,4,967,0.1263482,0.4468413,0.770416,0.9476117,0.9830508,0.9938367,0.5983911,0.4016089,649,0.8859784,0.4468413,0.5007704,0.0523883,0,0.058192406,0.000166852,0.3204931,0.3235747,0.1155624,0.0616333,0.0354391,0.0107858,0.0061633,-113.5273556,53.61162807,FALSE,2
136,1051,175,Laurier Heights,1.325826765,642697500,611510.4662,WARD 5,35,103,113,88,66,88,62,92,568,0.0540958,0.2132921,0.3879444,0.625966,0.7619784,0.8578053,0.4674897,0.5325103,647,0.5239567,0.2132921,0.4126739,0.374034,0,0.085953672,0.000179615,0.1591963,0.1746522,0.1360124,0.1020093,0.1360124,0.0958269,0.1421947,-113.5656806,53.5153327,FALSE,1
137,581,179,Windsor Park,0.7580138,556601500,958006.0241,WARD 8,13,17,46,39,39,33,22,51,222,0.05,0.1153846,0.2923077,0.5923077,0.7192308,0.8038462,0.4605809,0.5394191,260,0.4423077,0.1153846,0.4769231,0.4076923,0,0.047718778,0.000102713,0.0653846,0.1769231,0.15,0.15,0.1269231,0.0846154,0.1961538,-113.5354746,53.52462937,FALSE,0
138,29,180,Lewis Farms Industrial,0.76430234,21863000,753896.5517,WARD 1,1,1,2,0,0,0,1,1,27,0.1666667,0.3333333,0.6666667,0.6666667,0.6666667,0.8333333,0.8181818,0.1818182,6,0.6666667,0.3333333,0.3333333,0.3333333,0,0.060857916,0.000103596,0.1666667,0.3333333,0,0,0,0.1666667,0.1666667,-113.6800457,53.53651669,FALSE,1
139,2982,182,Queen Mary Park,1.803835939,460248500,154342.22,WARD 6,587,488,294,92,55,43,10,11,2367,0.371519,0.6803797,0.8664557,0.9594937,0.9867089,0.993038,0.599696,0.400304,1580,0.9246836,0.6803797,0.2791139,0.0405063,1,0.065887244,0.000244589,0.3088607,0.186076,0.0582278,0.0348101,0.0272152,0.0063291,0.006962,-113.519659,53.55343516,TRUE,3
140,621,184,Paisley,0.653114309,222863500,358878.4219,WARD 9,4,11,31,28,16,18,2,1,78,0.036036,0.1351351,0.4144144,0.8108108,0.972973,0.990991,0.4126984,0.5873016,111,0.6666667,0.1351351,0.6756757,0.1891892,0,0.038911355,8.83E-05,0.0990991,0.2792793,0.2522523,0.1441441,0.1621622,0.018018,0.009009,-113.5592713,53.41401306,FALSE,0
141,303,185,Graydon Hill,0.658965462,96021000,316900.9901,WARD 9,1,3,5,2,4,4,2,1,30,0.0454545,0.1818182,0.4090909,0.6818182,0.8636364,0.9545454,0.5769231,0.4230769,22,0.5,0.1818182,0.5,0.3181818,0,0.039000415,8.91E-05,0.1363636,0.2272727,0.0909091,0.1818182,0.1818182,0.0909091,0.0454545,-113.5592934,53.42125969,FALSE,0
142,2282,187,Charlesworth,2.660281066,742164500,325225.4601,WARD 12,51,188,340,179,108,107,38,31,826,0.0489443,0.2293666,0.5556622,0.831094,0.9337812,0.9702495,0.4421842,0.5578158,1042,0.7274472,0.2293666,0.6017274,0.1689059,0,0.112976258,0.000359656,0.1804223,0.3262956,0.171785,0.1036468,0.1026871,0.0364683,0.0297505,-113.4181899,53.4285564,FALSE,1
143,2058,189,Belvedere,1.673636014,396409000,192618.5617,WARD 4,343,326,239,74,38,20,10,6,1319,0.3248106,0.6335227,0.8598485,0.9659091,0.9848485,0.9943182,0.5553684,0.4446316,1056,0.9299242,0.6335227,0.3323864,0.0340909,1,0.071262079,0.000227147,0.3087121,0.2263258,0.0700758,0.0359848,0.0189394,0.0094697,0.0056818,-113.4342812,53.59369371,TRUE,3
144,1759,191,Brintnell,1.409561207,700875500,398451.1086,WARD 4,22,60,148,98,63,81,34,9,1581,0.0427184,0.1592233,0.4466019,0.7592233,0.9165049,0.9825243,0.7542939,0.2457061,515,0.6368932,0.1592233,0.6,0.2407767,0,0.069482792,0.000191431,0.1165049,0.2873786,0.1902913,0.1223301,0.1572815,0.0660194,0.0174757,-113.4073234,53.62141373,FALSE,0
145,4338,192,Walker,2.634183307,1310315500,302055.2098,WARD 12,88,503,547,235,121,115,37,20,887,0.0528211,0.3547419,0.6830732,0.8967587,0.9657863,0.9879952,0.3474344,0.6525656,1666,0.8241296,0.3547419,0.5420168,0.1032413,0,0.078005205,0.000356046,0.3019208,0.3283313,0.1410564,0.072629,0.0690276,0.0222089,0.0120048,-113.4304074,53.41764863,FALSE,1
146,607,194,Donsdale,0.67321343,413672500,681503.2949,WARD 5,6,19,34,18,27,44,21,77,282,0.0243902,0.101626,0.2398374,0.4227642,0.601626,0.6869919,0.5340909,0.4659091,246,0.3130081,0.101626,0.3211382,0.5772358,0,0.064453035,9.11E-05,0.0772358,0.1382114,0.0731707,0.1097561,0.1788618,0.0853659,0.3130081,-113.6354409,53.48499868,FALSE,0
147,556,195,Westridge,0.730589809,313057500,563053.0576,WARD 5,6,10,40,35,23,33,30,42,266,0.0273973,0.0730594,0.2557078,0.5205479,0.6712329,0.8082192,0.5484536,0.4515464,219,0.4155251,0.0730594,0.4474886,0.479452,0,0.081480295,9.90E-05,0.0456621,0.1826484,0.1598174,0.1050228,0.1506849,0.1369863,0.1917808,-113.6053806,53.50624298,FALSE,0
148,1805,196,Rosenthal,2.663378654,530341500,293818.0055,WARD 1,7,31,91,48,24,36,5,2,288,0.0286885,0.1557377,0.5286885,0.8237705,0.9713115,0.9918033,0.5413534,0.4586466,244,0.7254099,0.1557377,0.6680328,0.1762295,0,0.078553141,0.000360857,0.1270492,0.3729508,0.1967213,0.0983607,0.147541,0.0204918,0.0081967,-113.7012239,53.51939493,FALSE,0
149,2184,197,Secord,2.64375248,788997000,361262.3626,WARD 1,9,357,128,96,59,90,24,11,356,0.0116279,0.4728682,0.6382429,0.8385013,0.9547803,0.9857881,0.3150443,0.6849558,774,0.7622739,0.4728682,0.3656331,0.1614987,1,0.078908386,0.000358326,0.4612403,0.1653747,0.124031,0.0762274,0.1162791,0.0310078,0.0142119,-113.7013298,53.53394277,TRUE,2
150,1295,198,Suder Greens,0.983510228,433998500,335133.9768,WARD 1,31,137,201,122,80,82,38,27,449,0.0431755,0.2339833,0.5139276,0.7952646,0.9094707,0.9623955,0.3847472,0.6152528,718,0.683844,0.2339833,0.5612813,0.2047354,0,0.065686526,0.000133271,0.1908078,0.2799443,0.1699164,0.1114206,0.1142061,0.0529248,0.0376045,-113.6790718,53.52479871,FALSE,1
151,669,200,Terrace Heights,0.759785567,220707000,329905.8296,WARD 8,111,118,99,42,32,40,15,7,684,0.2392241,0.4935345,0.7068965,0.8663793,0.9525862,0.9849138,0.5958188,0.4041812,464,0.7974138,0.4935345,0.3728448,0.1336207,1,0.059552221,0.000102992,0.2543103,0.2133621,0.0905172,0.0689655,0.0862069,0.0323276,0.0150862,-113.4364211,53.54112943,TRUE,2
152,1035,202,Avonmore,0.897089826,357283500,345201.4493,WARD 11,98,148,109,50,27,36,16,5,479,0.200409,0.5030675,0.7259713,0.8834356,0.9570552,0.9897751,0.4948347,0.5051653,489,0.8282208,0.5030675,0.3803681,0.1165644,1,0.055666377,0.000121513,0.3026585,0.2229039,0.1022495,0.0552147,0.0736196,0.0327198,0.0102249,-113.4525428,53.50900834,TRUE,2
153,2271,203,Cumberland,1.456548157,734571000,323457.0674,WARD 2,40,128,253,201,167,127,39,21,1073,0.0409836,0.1721312,0.4313525,0.8084016,0.9385246,0.9784836,0.5236701,0.4763299,976,0.6372951,0.1721312,0.6362705,0.1915984,0,0.071840716,0.000197766,0.1311475,0.2592213,0.2059426,0.1711066,0.1301229,0.039959,0.0215164,-113.5519406,53.61098539,FALSE,0
154,1969,204,Dunluce,2.227150604,536925000,272689.1823,WARD 3,203,317,312,122,69,60,10,8,1286,0.1843778,0.4722979,0.7556767,0.9291553,0.9836512,0.9927339,0.5387515,0.4612484,1101,0.866485,0.4722979,0.4568574,0.0708447,1,0.080305936,0.000302476,0.2879201,0.2833788,0.1108084,0.0626703,0.0544959,0.0090827,0.0072661,-113.5286687,53.62239887,TRUE,2
155,1326,205,Lorelei,1.220997712,368322500,277769.6078,WARD 3,166,352,274,89,52,41,10,6,425,0.1676768,0.5232323,0.8,0.9424242,0.9838384,0.9939394,0.3003533,0.6996467,990,0.889899,0.5232323,0.4191919,0.0575758,1,0.064749461,0.000165837,0.3555556,0.2767677,0.089899,0.0525253,0.0414141,0.010101,0.0060606,-113.503265,53.62487718,TRUE,2
156,1750,206,Beaumaris,1.439970821,515656000,294660.5714,WARD 3,114,209,182,72,48,47,20,14,1253,0.1614731,0.4575071,0.7152975,0.8852691,0.9518414,0.98017,0.639612,0.360388,706,0.8172805,0.4575071,0.427762,0.1147309,1,0.07019619,0.000195548,0.296034,0.2577904,0.101983,0.0679887,0.0665722,0.0283286,0.01983,-113.5052494,53.61795358,TRUE,2
157,1233,208,Bulyea Heights,1.481003082,685632000,556068.1265,WARD 9,17,39,81,47,35,57,43,55,816,0.0454545,0.1497326,0.3663101,0.5855615,0.7379679,0.8529412,0.6857143,0.3142857,374,0.4919786,0.1497326,0.4358289,0.4144385,0,0.080585092,0.000200446,0.1042781,0.2165775,0.1256685,0.0935829,0.1524064,0.1149733,0.1470588,-113.5694802,53.47497062,FALSE,0
158,1134,210,Callaghan,0.817914512,498663000,439738.0952,WARD 9,24,87,174,78,59,57,29,38,794,0.043956,0.2032967,0.521978,0.7728938,0.8772894,0.9304029,0.5925373,0.4074627,546,0.6648352,0.2032967,0.5695971,0.2271062,0,0.069212441,0.000110527,0.1593407,0.3186813,0.1428571,0.1080586,0.1043956,0.0531136,0.0695971,-113.5263741,53.40798516,FALSE,1
159,855,212,Elsinore,0.841471069,347427000,406347.3684,WARD 3,17,55,98,40,48,39,10,20,463,0.0519878,0.2201835,0.5198777,0.7889909,0.9082569,0.9388379,0.586076,0.413924,327,0.6422018,0.2201835,0.5688074,0.2110092,0,0.049498103,0.000114331,0.1681957,0.2996942,0.1223242,0.146789,0.1192661,0.030581,0.0611621,-113.4990744,53.64033272,FALSE,1
160,268,215,Stewart Greens,0.69700793,128120500,478061.5672,WARD 1,0,2,11,7,11,7,2,0,35,0,0.05,0.325,0.775,0.95,1,0.4666667,0.5333334,40,0.5,0.05,0.725,0.225,0,0.04295763,9.45E-05,0.05,0.275,0.175,0.275,0.175,0.05,0,-113.6701606,53.53744347,FALSE,0
161,2338,216,Clareview Town Centre,1.363565974,350373500,149860.3507,WARD 4,99,161,190,92,31,24,7,4,814,0.162829,0.4276316,0.7401316,0.9424342,0.9819079,0.9934211,0.5724332,0.4275668,608,0.8914474,0.4276316,0.5148026,0.0575658,0,0.061273509,0.000185099,0.2648026,0.3125,0.1513158,0.0509868,0.0394737,0.0115132,0.0065789,-113.4070985,53.60195993,FALSE,2
162,417,218,Sifton Park,0.50404352,113922500,273195.4436,WARD 4,40,33,54,12,9,7,2,1,646,0.2531646,0.4620253,0.8037975,0.9367089,0.9810126,0.9936709,0.8034826,0.1965174,158,0.8797469,0.4620253,0.4746836,0.0632911,0,0.044096622,6.84E-05,0.2088608,0.3417721,0.0759494,0.056962,0.0443038,0.0126582,0.0063291,-113.4083468,53.59444386,FALSE,2
163,411,221,Elmwood Park,0.479574314,104146500,253397.8102,WARD 7,72,79,53,20,10,8,2,0,311,0.295082,0.6188524,0.8360656,0.9590164,0.9918033,1,0.5603604,0.4396396,244,0.9180328,0.6188524,0.3401639,0.0409836,1,0.035937355,6.51E-05,0.3237705,0.2172131,0.0819672,0.0409836,0.0327869,0.0081967,0,-113.4613196,53.57977515,TRUE,3
164,444,222,Patricia Heights,0.610729247,207342000,466986.4865,WARD 5,15,47,65,34,23,36,17,19,411,0.0585938,0.2421875,0.4960938,0.71875,0.859375,0.9257813,0.6161919,0.3838081,256,0.6289063,0.2421875,0.4765625,0.28125,0,0.064112264,8.27E-05,0.1835938,0.2539063,0.1328125,0.0898438,0.140625,0.0664063,0.0742188,-113.5974685,53.50926872,FALSE,1
165,1658,223,Baturyn,1.406218311,502045500,302801.8697,WARD 3,33,138,202,101,46,26,7,4,1191,0.059246,0.3070018,0.6696589,0.9335727,0.9802514,0.9928187,0.6813501,0.3186499,557,0.8509874,0.3070018,0.6265709,0.0664273,0,0.066023928,0.000191026,0.2477558,0.3626571,0.1813285,0.0825853,0.0466786,0.0125673,0.0071813,-113.5049501,53.63209821,FALSE,1
166,1114,224,Carlisle,0.961897334,332913500,298845.1526,WARD 2,133,270,250,87,59,36,9,7,510,0.1562867,0.4735605,0.7673326,0.9388954,0.9811986,0.9917744,0.3747245,0.6252756,851,0.8695652,0.4735605,0.4653349,0.0611046,1,0.052605289,0.000130581,0.3172738,0.293772,0.1022327,0.0693302,0.0423032,0.0105758,0.0082256,-113.5253481,53.6035551,TRUE,2
167,1380,225,Pollard Meadows,1.052584872,361883500,262234.4203,WARD 12,134,269,202,75,30,21,5,1,836,0.1818182,0.5468114,0.8208955,0.963365,0.9918589,0.9986432,0.5314685,0.4685315,737,0.9226595,0.5468114,0.4165536,0.036635,1,0.053057358,0.000142375,0.3649932,0.2740841,0.1017639,0.0407056,0.0284939,0.0067843,0.0013569,-113.4119871,53.44909015,TRUE,2
168,1217,226,Sakaw,1.112078674,379491000,311824.9795,WARD 11,317,244,242,81,38,44,15,3,397,0.3221545,0.5701219,0.8160569,0.9369919,0.9817073,0.9969512,0.2874728,0.7125272,984,0.898374,0.5701219,0.3668699,0.0630081,1,0.05427774,0.000150397,0.2479675,0.245935,0.0823171,0.0386179,0.0447154,0.0152439,0.0030488,-113.4287703,53.44179712,TRUE,2
169,1206,227,Beverly Heights,1.384168828,393911500,326626.4511,WARD 7,265,329,130,43,17,18,5,3,822,0.3271605,0.7333333,0.8938271,0.9679012,0.9901235,0.9962963,0.5036765,0.4963235,810,0.9469136,0.7333333,0.2345679,0.0320988,1,0.0696009,0.000187738,0.4061728,0.1604938,0.0530864,0.0209877,0.0222222,0.0061728,0.0037037,-113.4043685,53.56612294,TRUE,3
170,1442,228,Kensington,1.32538324,409985000,284316.9209,WARD 2,119,162,148,51,28,19,7,3,1102,0.2216015,0.5232775,0.7988827,0.9459963,0.981378,0.9944134,0.6723612,0.3276388,537,0.8938547,0.5232775,0.4227188,0.0540037,1,0.063711719,0.000179892,0.301676,0.2756052,0.0949721,0.0521415,0.0353817,0.0130354,0.0055866,-113.5288547,53.59582726,TRUE,2
171,1022,229,Albany,0.843312283,199965000,195660.4697,WARD 2,10,56,63,30,9,14,13,3,350,0.050505,0.3333333,0.6515151,0.8484849,0.9191919,0.9848485,0.6386861,0.3613139,198,0.8030303,0.3333333,0.5151515,0.1515152,0,0.053580232,0.000114562,0.2828283,0.3181818,0.1515152,0.0454545,0.0707071,0.0656566,0.0151515,-113.5497759,53.63171962,FALSE,1
172,1394,232,Crawford Plains,1.126542482,431810000,309763.2712,WARD 12,58,174,282,127,87,56,18,12,613,0.0712531,0.2850123,0.6314496,0.8943489,0.963145,0.985258,0.4295725,0.5704275,814,0.7874693,0.2850123,0.6093366,0.1056511,0,0.06431947,0.000152351,0.2137592,0.3464373,0.1560197,0.1068796,0.0687961,0.022113,0.014742,-113.4069323,53.44122537,FALSE,1
173,344,234,Argyll,0.359056056,127897500,371795.0581,WARD 11,18,25,33,17,22,10,3,3,204,0.1374046,0.3282443,0.5801527,0.8778626,0.9541985,0.9770992,0.6089552,0.3910448,131,0.7099237,0.3282443,0.5496183,0.1221374,0,0.03270623,4.86E-05,0.1908397,0.2519084,0.129771,0.1679389,0.0763359,0.0229008,0.0229008,-113.4612126,53.50249461,FALSE,1
174,758,236,Tweddle Place,1.119256262,236757500,312344.9868,WARD 11,43,98,93,40,29,24,4,1,773,0.1295181,0.4246988,0.7048193,0.9126506,0.9849398,0.9969879,0.6995475,0.3004525,332,0.8253012,0.4246988,0.4879518,0.0873494,0,0.051715805,0.000151498,0.2951807,0.2801205,0.1204819,0.0873494,0.0722892,0.0120482,0.003012,-113.4585551,53.47855768,FALSE,2
175,1167,237,Montrose,1.31041415,286209500,245252.3565,WARD 7,171,236,224,74,19,18,8,4,712,0.2267905,0.5397878,0.83687,0.9602122,0.9840849,0.9946949,0.4856753,0.5143247,754,0.9350132,0.5397878,0.4204244,0.0397878,1,0.063381617,0.000177769,0.3129973,0.2970822,0.0981432,0.0251989,0.0238727,0.0106101,0.005305,-113.4417029,53.57428616,TRUE,2
176,1020,239,Rundle Heights,0.823978434,241016000,236290.1961,WARD 7,129,433,206,34,23,14,2,1,544,0.1532066,0.6674584,0.912114,0.97981,0.9964371,0.9988124,0.3924964,0.6075036,842,0.9524941,0.6674584,0.3123516,0.02019,1,0.054418947,0.000111749,0.5142518,0.2446556,0.04038,0.0273159,0.0166271,0.0023753,0.0011876,-113.3913977,53.56287685,TRUE,3
177,1037,240,Homesteader,1.577835578,277405000,267507.2324,WARD 4,126,242,222,81,45,24,14,6,513,0.1657895,0.4842105,0.7763158,0.9421052,0.9736842,0.9921052,0.4029851,0.5970149,760,0.8828948,0.4842105,0.4578947,0.0578947,1,0.071413098,0.000214106,0.3184211,0.2921053,0.1065789,0.0592105,0.0315789,0.0184211,0.0078947,-113.4064663,53.58518415,TRUE,2
178,651,241,Bergman,0.708336998,187148000,287477.7266,WARD 7,39,86,69,39,26,22,11,7,265,0.1304348,0.4180602,0.6488295,0.8662207,0.9397993,0.9765886,0.4698582,0.5301418,299,0.7792642,0.4180602,0.4481605,0.1337793,0,0.056665237,9.61E-05,0.2876254,0.2307692,0.1304348,0.0869565,0.0735786,0.0367893,0.0234114,-113.4087734,53.57894778,FALSE,2
179,1480,242,Baranow,0.779204239,186737000,126173.6486,WARD 2,144,143,94,18,11,5,2,3,555,0.3428572,0.6833333,0.9071429,0.9761904,0.9880952,0.9928572,0.5692308,0.4307692,420,0.95,0.6833333,0.2928571,0.0238095,1,0.054490754,0.000105788,0.3404762,0.2238095,0.0428571,0.0261905,0.0119048,0.0047619,0.0071429,-113.5379555,53.60685801,TRUE,3
180,1172,243,Newton,1.065556465,337577000,288034.9829,WARD 7,137,191,162,59,41,23,4,5,528,0.2202572,0.5273312,0.7877814,0.948553,0.9855306,0.9919614,0.4591304,0.5408696,622,0.8826367,0.5273312,0.4212219,0.0514469,1,0.04867157,0.000144559,0.307074,0.2604502,0.0948553,0.0659164,0.0369775,0.0064309,0.0080386,-113.4244251,53.57622686,TRUE,2
181,1400,244,Delwood,1.334660715,409639500,292599.6429,WARD 7,113,194,146,71,35,40,10,4,723,0.1843393,0.5008157,0.7389886,0.9119086,0.9771615,0.9934747,0.5411677,0.4588323,613,0.8548124,0.5008157,0.411093,0.0880914,1,0.063599001,0.000181151,0.3164763,0.2381729,0.1158238,0.0570962,0.0652529,0.0163132,0.0065253,-113.4551354,53.59595504,TRUE,2
182,1967,245,Eaux Claires,1.28620197,439228000,223298.424,WARD 3,56,166,222,95,55,45,23,20,570,0.0821114,0.3255132,0.6510264,0.8709677,0.9369501,0.9706745,0.4552716,0.5447285,682,0.7903226,0.3255132,0.5454546,0.1290323,0,0.053742392,0.00017468,0.2434018,0.3255132,0.1392962,0.0806452,0.0659824,0.0337243,0.0293255,-113.4858995,53.62166836,FALSE,1
183,970,246,Gold Bar,1.04482073,352515500,363418.0412,WARD 8,83,138,213,94,55,43,23,13,459,0.1253776,0.3338369,0.6555891,0.8806646,0.9456193,0.9803625,0.4094558,0.5905442,662,0.7975831,0.3338369,0.5468278,0.1193353,0,0.074504409,0.000141651,0.2084592,0.3217523,0.141994,0.0830816,0.0649547,0.0347432,0.0196375,-113.4123934,53.54789759,FALSE,1
184,643,247,Brookside,1.194911937,375003500,583209.1757,WARD 9,18,72,54,54,38,52,34,50,332,0.0483871,0.2419355,0.3870968,0.6344086,0.7741935,0.8655914,0.4715909,0.5284091,372,0.5322581,0.2419355,0.3924731,0.3655914,0,0.081489446,0.000161786,0.1935484,0.1451613,0.1451613,0.1021505,0.1397849,0.0913979,0.1344086,-113.5668404,53.49050286,FALSE,1
185,787,248,Lynnwood,0.895015484,307265500,390426.3024,WARD 5,70,159,161,58,45,45,15,6,816,0.1252236,0.4096601,0.6976744,0.881932,0.9624329,0.9892666,0.5934545,0.4065455,559,0.8014311,0.4096601,0.4722719,0.118068,0,0.069675354,0.000121254,0.2844365,0.2880143,0.1037567,0.0805009,0.0805009,0.0268336,0.0107335,-113.5880855,53.51608558,FALSE,2
186,1273,249,Balwin,1.402659844,334371000,262663.7863,WARD 7,321,282,175,53,35,12,8,4,654,0.3606741,0.6775281,0.8741573,0.9730337,0.9865168,0.9955056,0.4235751,0.5764249,890,0.9337079,0.6775281,0.2955056,0.0269663,1,0.067446014,0.000190346,0.3168539,0.1966292,0.0595506,0.0393258,0.0134831,0.0089888,0.0044944,-113.454636,53.58828672,TRUE,3
187,376,250,Abbottsfield,0.409629081,58555500,155732.7128,WARD 7,206,170,79,23,4,3,3,2,195,0.4204082,0.7673469,0.9285714,0.9836735,0.9897959,0.9959184,0.2846715,0.7153285,490,0.9755102,0.7673469,0.2163265,0.0163265,1,0.030833771,5.56E-05,0.3469388,0.1612245,0.0469388,0.0081633,0.0061224,0.0061224,0.0040816,-113.3896613,53.57373015,TRUE,3
188,467,251,Overlanders,0.841195538,141747000,303526.7666,WARD 4,129,207,192,60,38,20,3,7,571,0.1966463,0.5121951,0.8048781,0.9542683,0.9847561,0.9893293,0.4653627,0.5346373,656,0.8963414,0.5121951,0.4420732,0.0457317,1,0.049779195,0.000114134,0.3155488,0.2926829,0.0914634,0.0579268,0.0304878,0.0045732,0.0106707,-113.3887296,53.58138874,TRUE,2
189,952,252,Meyokumin,0.974079704,279542000,293636.5546,WARD 11,63,171,168,79,38,31,7,3,455,0.1125,0.4178571,0.7178571,0.9267857,0.9821429,0.9946429,0.4482759,0.5517241,560,0.8589286,0.4178571,0.5089286,0.0732143,0,0.048551134,0.000131758,0.3053571,0.3,0.1410714,0.0678571,0.0553571,0.0125,0.0053571,-113.4271937,53.449723,FALSE,2
190,1276,255,Jackson Heights,1.267804997,486720000,381442.0063,WARD 12,41,120,158,78,56,41,9,13,717,0.0794574,0.3120155,0.6182171,0.877907,0.9573643,0.9748062,0.5815085,0.4184915,516,0.7693799,0.3120155,0.5658914,0.122093,0,0.062615923,0.00017162,0.2325581,0.3062015,0.1511628,0.1085271,0.0794574,0.0174419,0.0251938,-113.4094234,53.48313874,FALSE,1
191,382,257,Grandview Heights,0.561883189,292334500,765273.5602,WARD 10,9,17,20,28,22,24,25,54,236,0.0452261,0.1306533,0.2311558,0.4824121,0.6030151,0.7286432,0.5425287,0.4574713,199,0.3718593,0.1306533,0.3517588,0.517588,0,0.042385647,7.61E-05,0.0854271,0.1005025,0.1407035,0.1105528,0.120603,0.1256281,0.2713568,-113.5480352,53.50030179,FALSE,0
192,1416,258,Ozerna,1.119814651,561339500,396426.2006,WARD 3,59,129,166,78,67,65,23,21,747,0.0970395,0.3092105,0.5822368,0.8207237,0.9276316,0.9654605,0.5512915,0.4487085,608,0.7105263,0.3092105,0.5115132,0.1792763,0,0.055427652,0.000152085,0.212171,0.2730263,0.1282895,0.1101974,0.1069079,0.0378289,0.0345395,-113.4488278,53.62221883,FALSE,1
193,1452,259,Matt Berry,1.137771756,523469500,360516.1846,WARD 4,32,141,237,168,69,84,25,16,470,0.0414508,0.2240933,0.5310881,0.8380829,0.9468912,0.9792746,0.3784219,0.6215781,772,0.7487047,0.2240933,0.6139897,0.1619171,0,0.052633916,0.000154523,0.1826425,0.3069948,0.2176166,0.0893782,0.1088083,0.0323834,0.0207254,-113.4368012,53.62250527,FALSE,1
194,2858,261,Ermineskin,1.204175349,430144500,150505.4234,WARD 10,367,531,322,94,60,45,28,11,986,0.2517147,0.6159122,0.8367627,0.9423868,0.973251,0.9924554,0.403437,0.596563,1458,0.9012346,0.6159122,0.3264746,0.0576132,1,0.06266826,0.000162914,0.3641975,0.2208505,0.0644719,0.0411523,0.0308642,0.0192044,0.0075446,-113.5054095,53.45756818,TRUE,3
195,848,262,Bearspaw,0.865185435,352625000,415831.3679,WARD 10,56,103,127,72,46,63,25,23,302,0.1087379,0.3087379,0.5553398,0.784466,0.9067961,0.9553398,0.369645,0.6303549,515,0.6951456,0.3087379,0.4757282,0.215534,0,0.056890607,0.000117012,0.2,0.2466019,0.1398058,0.0893204,0.1223301,0.0485437,0.0446602,-113.5010364,53.44333302,FALSE,1
196,1122,263,Belgravia,0.867544792,641959000,572155.9715,WARD 8,96,74,113,58,59,47,63,102,308,0.1568628,0.2777778,0.4624183,0.6535948,0.7303922,0.8333333,0.3347826,0.6652174,612,0.5571895,0.2777778,0.375817,0.3464052,0,0.053346975,0.000117517,0.120915,0.1846405,0.0947712,0.0964052,0.0767974,0.1029412,0.1666667,-113.5338091,53.51096029,FALSE,1
197,720,264,Aspen Gardens,0.666305115,300202500,416947.9167,WARD 10,32,69,100,44,45,63,28,32,217,0.0774818,0.2445521,0.4866828,0.7021792,0.8547215,0.9225181,0.3444445,0.6555555,413,0.5932204,0.2445521,0.4576271,0.2978208,0,0.053602409,9.02E-05,0.1670702,0.2421308,0.1065375,0.1089588,0.1525424,0.0677966,0.0774818,-113.5448501,53.47713448,FALSE,1
198,825,265,Cromdale,0.358879384,155187000,188105.4545,WARD 7,168,133,74,21,11,9,11,8,666,0.3862069,0.691954,0.862069,0.9356322,0.9563218,0.9816092,0.6049047,0.3950954,435,0.9103448,0.691954,0.2436782,0.0643678,1,0.059359673,4.87E-05,0.3057471,0.1701149,0.0482759,0.0252874,0.0206897,0.0252874,0.0183908,-113.4652272,53.55957184,TRUE,3
199,2560,267,Silver Berry,2.161978601,901220500,352039.2578,WARD 12,40,163,277,202,92,61,19,13,1646,0.0461361,0.2341407,0.5536332,0.8927336,0.9630911,0.9850058,0.654994,0.345006,867,0.7866206,0.2341407,0.6585928,0.1072664,0,0.080846047,0.000292507,0.1880046,0.3194925,0.2329873,0.106113,0.0703576,0.0219146,0.0149942,-113.3812909,53.45989616,FALSE,1
200,942,270,Brander Gardens,1.016692622,336530000,357250.5308,WARD 9,115,129,132,49,46,42,16,27,495,0.2068345,0.4388489,0.676259,0.8471223,0.9226618,0.9514388,0.47098,0.52902,556,0.7643885,0.4388489,0.4082734,0.1528777,1,0.056988818,0.000137668,0.2320144,0.2374101,0.0881295,0.0827338,0.0755396,0.028777,0.0485612,-113.578039,53.4943452,TRUE,2
201,1800,272,Haddow,1.27721757,784675000,435930.5556,WARD 9,49,97,171,129,93,146,72,110,681,0.0565167,0.1683968,0.3656286,0.621684,0.7900807,0.8731257,0.4399225,0.5600775,867,0.5144175,0.1683968,0.4532872,0.378316,0,0.059657709,0.00017279,0.11188,0.1972318,0.1487889,0.1072664,0.1683968,0.083045,0.1268743,-113.5965456,53.45592888,FALSE,0
202,391,274,Lansdowne,0.578506248,210790500,539106.1381,WARD 10,27,52,66,28,19,37,21,33,235,0.0954064,0.2791519,0.5123675,0.6784452,0.8091873,0.8833922,0.453668,0.5463321,283,0.6113074,0.2791519,0.3992933,0.3215548,0,0.041094072,7.83E-05,0.1837456,0.2332155,0.0989399,0.0671378,0.130742,0.0742049,0.1166078,-113.5469484,53.48727645,FALSE,1
203,374,275,Ogilvie Ridge,0.523553933,226059500,604437.1658,WARD 9,2,12,20,19,15,16,23,40,213,0.0136054,0.0952381,0.2312925,0.462585,0.5714286,0.7278911,0.5916666,0.4083333,147,0.3605442,0.0952381,0.3673469,0.537415,0,0.059540031,7.08E-05,0.0816327,0.1360544,0.1292517,0.1020408,0.1088435,0.1564626,0.2721089,-113.5639441,53.46401767,FALSE,0
204,1088,276,Daly Grove,0.947730364,325749500,299402.114,WARD 12,76,169,189,99,51,35,10,5,541,0.1198738,0.3864353,0.6845426,0.9211357,0.9763407,0.9921136,0.4604255,0.5395744,634,0.840694,0.3864353,0.5347003,0.0788644,0,0.048753733,0.000128194,0.2665615,0.2981073,0.1561514,0.0804416,0.055205,0.0157729,0.0078864,-113.4005918,53.44997315,FALSE,1
205,1028,277,Kenilworth,1.148418023,375026000,364811.284,WARD 8,84,226,226,64,43,41,15,9,345,0.1186441,0.4378531,0.7570621,0.9081921,0.9661017,0.9872881,0.3276353,0.6723647,708,0.8474576,0.4378531,0.470339,0.0918079,0,0.060089008,0.0001556,0.319209,0.319209,0.0903955,0.0607345,0.0579096,0.0211864,0.0127119,-113.4318858,53.52132389,FALSE,2
206,1727,280,Bonnie Doon,1.500853243,749525000,434004.0533,WARD 8,256,228,225,115,74,79,40,59,1056,0.2379182,0.4498141,0.658922,0.8345725,0.9079925,0.9451673,0.4953096,0.5046904,1076,0.7657993,0.4498141,0.3847584,0.1654275,1,0.085727171,0.000203366,0.2118959,0.2091078,0.1068773,0.0687732,0.0734201,0.0371747,0.0548327,-113.4666499,53.52418553,TRUE,2
207,1074,283,Hazeldean,1.133185493,413481500,384992.0857,WARD 11,83,202,203,96,81,60,12,7,604,0.1115591,0.3830645,0.6559139,0.8938172,0.9744624,0.9905914,0.4480712,0.5519288,744,0.7849463,0.3830645,0.5107527,0.1061828,0,0.061213721,0.000153476,0.2715054,0.2728495,0.1290323,0.108871,0.0806452,0.016129,0.0094086,-113.477319,53.50424426,FALSE,1
208,1018,284,Sweet Grass,0.917072494,304178500,298800.0982,WARD 10,42,182,212,58,31,34,10,13,479,0.0721649,0.3848797,0.7491409,0.9020619,0.9604811,0.9776632,0.4514609,0.5485391,582,0.8487973,0.3848797,0.5171821,0.0979381,0,0.05567329,0.00012409,0.3127148,0.3642612,0.0996564,0.0532646,0.0584192,0.0171821,0.0223368,-113.52823,53.4640551,FALSE,1
209,767,285,Steinhauer,0.919831586,280879000,366204.6936,WARD 10,35,81,95,60,38,33,16,14,403,0.094086,0.311828,0.5672043,0.8306451,0.9193549,0.9623656,0.52,0.48,372,0.7284946,0.311828,0.5188172,0.1693548,0,0.055615599,0.000124464,0.2177419,0.2553763,0.1612903,0.1021505,0.0887097,0.0430108,0.0376344,-113.5050599,53.46420669,FALSE,1
210,3916,287,Strathcona,1.563267115,1140954500,291357.1246,WARD 8,488,651,664,290,149,147,76,92,2748,0.1908486,0.4454439,0.7051232,0.8768088,0.934298,0.9640203,0.5180019,0.4819981,2557,0.8185374,0.4454439,0.4313649,0.1231912,1,0.109412357,0.000211815,0.2545952,0.2596793,0.1134142,0.0582714,0.0574892,0.0297223,0.0359797,-113.4901312,53.52225606,TRUE,2
211,1132,288,Rapperswill,1.027754265,417881500,369153.2686,WARD 3,3,46,127,73,64,50,14,18,337,0.0075949,0.1240506,0.4455696,0.7924051,0.9189873,0.9544304,0.4603825,0.5396175,395,0.6303797,0.1240506,0.6683545,0.2075949,0,0.0482073,0.000139624,0.1164557,0.321519,0.1848101,0.1620253,0.1265823,0.035443,0.0455696,-113.5345095,53.63456649,FALSE,0
212,928,290,Leger,1.056882664,417406500,449791.4871,WARD 9,14,43,73,52,29,49,33,24,471,0.044164,0.1798107,0.4100946,0.6656151,0.8201893,0.9242902,0.5977157,0.4022843,317,0.5741325,0.1798107,0.4858044,0.3343849,0,0.055706137,0.000142986,0.1356467,0.2302839,0.1640379,0.0914826,0.1545741,0.104101,0.0757098,-113.5762936,53.45796257,FALSE,0
213,1123,291,Breckenridge Greens,0.565266214,275806000,245597.5067,WARD 1,25,93,179,92,58,70,23,19,189,0.0447227,0.2110912,0.5313059,0.7996422,0.9248658,0.9660107,0.2526738,0.7473262,559,0.6958855,0.2110912,0.588551,0.2003578,0,0.036361505,7.66E-05,0.1663685,0.3202147,0.1645796,0.1037567,0.1252236,0.0411449,0.0339893,-113.6840756,53.51605708,FALSE,1
214,3000,292,Garneau,0.828990331,792037000,264012.3333,WARD 8,1044,523,423,132,78,89,33,61,3183,0.4381032,0.6575745,0.8350818,0.923206,0.9605539,0.974402,0.5718649,0.4281351,2383,0.8904742,0.6575745,0.2656316,0.076794,1,0.052869749,0.000112317,0.2194713,0.1775073,0.0553924,0.0327318,0.0373479,0.0138481,0.025598,-113.5142135,53.51969319,TRUE,3
215,2924,295,Glastonbury,1.784946022,880375500,301086.0123,WARD 5,62,221,404,212,156,134,66,47,1163,0.047619,0.2173579,0.5276498,0.8102919,0.9132105,0.9639017,0.4718053,0.5281947,1302,0.6904762,0.2173579,0.592934,0.1897081,0,0.067457167,0.000241746,0.1697389,0.3102919,0.1628264,0.1198157,0.1029186,0.0506912,0.0360983,-113.6698524,53.50331526,FALSE,1
216,1551,296,Forest Heights,1.627307555,647423500,417423.2753,WARD 8,199,240,262,102,61,89,37,52,855,0.1909789,0.4213052,0.6727448,0.8291746,0.9145873,0.950096,0.4507116,0.5492883,1042,0.7706334,0.4213052,0.4078695,0.1708253,1,0.098689914,0.000220607,0.2303263,0.2514395,0.0978887,0.0585413,0.0854127,0.0355086,0.049904,-113.4501622,53.54487245,TRUE,2
217,21,297,Maple Ridge Industrial,3.745517412,23376500,1113166.667,WARD 11,0,0,2,0,0,0,0,0,25,0,0,1,1,1,1,0.9259259,0.0740741,2,1,0,1,0,0,0.102977548,0.000507175,0,1,0,0,0,0,0,-113.3545991,53.49581613,FALSE,0
218,859,298,Maple Ridge,0.689268185,55155500,64208.96391,WARD 11,67,174,76,22,9,6,0,0,432,0.1892655,0.680791,0.8954802,0.9830508,1,1,0.5496183,0.4503817,354,0.9576271,0.680791,0.3022599,0.0169492,1,0.042774938,9.33E-05,0.4915254,0.2146893,0.0621469,0.0254237,0.0169492,0,0,-113.3627504,53.50142788,TRUE,3
219,1865,299,Schonsee,1.244692613,597338500,320288.7399,WARD 3,91,114,179,96,56,79,31,25,345,0.1356185,0.3055142,0.5722802,0.7988077,0.9165425,0.9627421,0.3395669,0.6604331,671,0.7153502,0.3055142,0.4932936,0.2011922,0,0.063723676,0.000169084,0.1698957,0.266766,0.14307,0.0834575,0.1177347,0.0461997,0.0372578,-113.4547467,53.63215673,FALSE,1
220,1423,300,Lago Lindo,1.30551247,460196000,323398.454,WARD 3,53,147,236,115,77,87,25,15,614,0.0701987,0.2649007,0.5774834,0.8317881,0.9470199,0.9801325,0.4485026,0.5514975,755,0.7298013,0.2649007,0.5668874,0.1682119,0,0.056110002,0.000177363,0.194702,0.3125828,0.1523179,0.1019868,0.1152318,0.0331126,0.0198676,-113.4858284,53.63641871,FALSE,1
221,786,301,Chambery,0.728799457,420406000,534867.6845,WARD 3,2,31,73,57,42,54,29,15,424,0.0066007,0.1089109,0.349835,0.6765677,0.8547855,0.9504951,0.5832187,0.4167813,303,0.5379538,0.1089109,0.5676568,0.3234324,0,0.047031516,9.90E-05,0.1023102,0.2409241,0.1881188,0.1386139,0.1782178,0.0957096,0.049505,-113.51067,53.64055882,FALSE,0
222,7,303,Rural West Big Lake,2.051322731,11955500,1707928.571,WARD 1,0,13,19,0,0,0,1,0,24,0,0.3939394,0.969697,0.969697,0.969697,1,0.4210526,0.5789474,33,0.969697,0.3939394,0.5757576,0.030303,0,0.074952459,0.000278317,0.3939394,0.5757576,0,0,0,0.030303,0,-113.6774482,53.57852053,FALSE,1
223,708,304,Trumpeter Area,2.41191441,299246500,422664.548,WARD 1,2,20,85,47,47,65,32,25,101,0.006192,0.0681115,0.3312694,0.622291,0.8235294,0.9226006,0.2382075,0.7617925,323,0.4767802,0.0681115,0.5541795,0.377709,0,0.083423221,0.000327334,0.0619195,0.2631579,0.1455108,0.1455108,0.2012384,0.0990712,0.0773994,-113.6760385,53.59089418,FALSE,0
224,385,305,Hawks Ridge,1.483268015,152536500,396198.7013,WARD 1,7,76,27,11,15,14,3,1,17,0.0454545,0.5389611,0.7142857,0.8831169,0.974026,0.9935065,0.0994152,0.9005848,154,0.7857143,0.5389611,0.3441558,0.1168831,1,0.069303734,0.000201293,0.4935065,0.1753247,0.0714286,0.0974026,0.0909091,0.0194805,0.0064935,-113.7012619,53.58853111,TRUE,2
225,231,306,Hays Ridge Area,2.426199658,182513000,790099.5671,WARD 9,1,0,2,1,5,7,9,7,20,0.03125,0.03125,0.09375,0.28125,0.5,0.78125,0.3846154,0.6153846,32,0.125,0.03125,0.25,0.71875,0,0.086938065,0.000327933,0,0.0625,0.03125,0.15625,0.21875,0.28125,0.21875,-113.5775767,53.4166059,FALSE,0
226,3746,307,Ambleside,3.143941654,1046515500,279368.7934,WARD 9,67,196,284,168,124,164,71,66,1066,0.0587719,0.2307018,0.4798246,0.7359649,0.8798246,0.9421052,0.4832276,0.5167724,1140,0.627193,0.2307018,0.5052631,0.2640351,0,0.119368676,0.000425081,0.1719298,0.2491228,0.1473684,0.1087719,0.1438597,0.0622807,0.0578947,-113.5991638,53.42994314,FALSE,1
227,2290,310,Twin Brooks,2.137357319,1154651500,504214.6288,WARD 9,73,198,316,201,151,200,91,105,903,0.0546816,0.2029963,0.4397004,0.7033708,0.8531835,0.9213483,0.4034853,0.5965148,1335,0.5902622,0.2029963,0.5003746,0.2966292,0,0.121213391,0.000289065,0.1483146,0.2367041,0.1505618,0.1131086,0.1498127,0.0681648,0.0786517,-113.5303757,53.44272394,FALSE,1
228,670,311,Heritage Valley Town Centre Area,1.034295253,65935500,98411.19403,WARD 9,12,72,75,31,6,10,2,0,84,0.0576923,0.4038461,0.7644231,0.9423077,0.9903846,1,0.2876712,0.7123288,208,0.9134616,0.4038461,0.5384616,0.0576923,0,0.057781986,0.000139767,0.3461539,0.3605769,0.1490385,0.0288462,0.0480769,0.0096154,0,-113.5434977,53.40714654,FALSE,2
229,100,312,Edmonton Energy And Technology Park,53.24989865,53476000,534760,WARD 4,1,1,2,2,0,1,0,0,23,0.1428571,0.2857143,0.5714286,0.8571429,1,1,0.7666667,0.2333333,7,0.8571429,0.2857143,0.5714286,0.1428571,0,0.390015457,0.007242693,0.1428571,0.2857143,0.2857143,0,0.1428571,0,0,-113.3761178,53.68563802,FALSE,1
230,8734,314,Downtown,2.31681379,1376029500,157548.6032,WARD 6,972,994,1093,425,199,198,68,81,4660,0.2411911,0.4878412,0.759057,0.9138958,0.9630273,0.9799007,0.5362486,0.4637514,4030,0.8645161,0.4878412,0.4260546,0.0861042,1,0.094957919,0.000314057,0.2466501,0.2712159,0.1054591,0.0493797,0.0491315,0.0168734,0.0200993,-113.5003929,53.54142898,TRUE,2
231,652,316,Starling,1.422545713,256013500,392658.7423,WARD 1,1,94,120,7,5,15,4,0,26,0.004065,0.3861789,0.8739837,0.9227642,0.9837399,1,0.0955882,0.9044118,246,0.902439,0.3861789,0.5365854,0.0772358,0,0.063028148,0.000193062,0.3821138,0.4878049,0.0284553,0.0203252,0.0609756,0.0162602,0,-113.658482,53.59159657,FALSE,1
232,578,318,Potter Greens,1.182586344,296036000,512173.0104,WARD 1,9,51,73,43,46,53,26,23,242,0.0277778,0.1851852,0.4104938,0.6851852,0.8487654,0.9290124,0.4275618,0.5724382,324,0.5432099,0.1851852,0.5,0.3148148,0,0.051636201,0.000160222,0.1574074,0.2253086,0.132716,0.1419753,0.1635803,0.0802469,0.0709877,-113.67201,53.51796326,FALSE,0
233,680,319,Strathearn,0.786297659,317746000,467273.5294,WARD 8,250,153,96,54,34,36,16,26,815,0.3759398,0.606015,0.7503759,0.8827068,0.9368421,0.9609023,0.5506757,0.4493243,665,0.831579,0.606015,0.2766917,0.1172932,1,0.048697882,0.000106563,0.2300752,0.1443609,0.081203,0.0511278,0.0541353,0.0240602,0.0390977,-113.4626604,53.53185793,TRUE,3
234,1471,322,Fraser,1.308507413,457747000,311180.8294,WARD 4,84,157,190,104,53,49,16,15,607,0.1257485,0.3607785,0.6452096,0.8802395,0.9535928,0.9775449,0.4760784,0.5239215,668,0.8008982,0.3607785,0.5194611,0.1197605,0,0.083714245,0.000177664,0.2350299,0.2844311,0.1556886,0.0793413,0.0733533,0.0239521,0.0224551,-113.3701002,53.6114639,FALSE,1
235,258,326,Rural North East South Sturgeon,15.45075491,188951500,732370.155,WARD 4,4,9,11,19,22,21,14,15,118,0.0347826,0.1130435,0.2086957,0.5652174,0.7478261,0.8695652,0.5064378,0.4935622,115,0.373913,0.1130435,0.4521739,0.4347826,0,0.366926997,0.002098809,0.0782609,0.0956522,0.1652174,0.1913043,0.1826087,0.1217391,0.1304348,-113.3171141,53.63142387,FALSE,0
236,5273,327,Windermere,4.773361577,2469408000,468311.777,WARD 9,37,144,271,137,151,150,74,145,2027,0.0333634,0.1632101,0.4075744,0.6672678,0.8025248,0.8692515,0.6463648,0.3536352,1109,0.5311091,0.1632101,0.5040577,0.3327322,0,0.172193394,0.000645471,0.1298467,0.2443643,0.1235347,0.1361587,0.135257,0.0667268,0.1307484,-113.6220186,53.43583184,FALSE,0
237,3345,328,Laurel,2.802381778,1133704000,338924.9626,WARD 12,27,189,296,139,63,41,14,6,1380,0.0348387,0.2787097,0.6606452,0.9212903,0.9741936,0.9922581,0.6403712,0.3596288,775,0.84,0.2787097,0.6425806,0.0787097,0,0.081061193,0.000379029,0.243871,0.3819355,0.1793548,0.0812903,0.0529032,0.0180645,0.0077419,-113.3817712,53.44627983,FALSE,1
238,1876,331,Mactaggart,1.035831223,714566000,380898.7207,WARD 9,26,69,84,46,48,68,34,89,254,0.0560345,0.2047414,0.3857759,0.5883621,0.7349138,0.8081896,0.3537605,0.6462396,464,0.4849138,0.2047414,0.3836207,0.4116379,0,0.089243418,0.000140076,0.1487069,0.1810345,0.0991379,0.1034483,0.1465517,0.0732759,0.1918103,-113.5636604,53.43823666,FALSE,1
239,1593,332,Magrath Heights,1.228950009,871045500,546795.6685,WARD 9,28,54,95,75,68,74,56,132,594,0.04811,0.1408935,0.3041237,0.5498282,0.676976,0.7731959,0.505102,0.494898,582,0.4329897,0.1408935,0.4089347,0.4501718,0,0.067840904,0.00016623,0.0927835,0.1632302,0.128866,0.1168385,0.1271478,0.0962199,0.2268041,-113.5570176,53.44835124,FALSE,0
240,509,334,Ebbers,0.612057363,120451000,236642.4361,WARD 4,0,4,4,2,0,1,0,0,26,0,0.3636364,0.7272727,0.9090909,1,1,0.7027027,0.2972973,11,0.9090909,0.3636364,0.5454546,0.0909091,0,0.052460038,8.31E-05,0.3636364,0.3636364,0.1818182,0,0.0909091,0,0,-113.4009863,53.61121228,FALSE,1
241,1026,336,Keswick Area,3.870061447,487734000,475374.269,WARD 9,2,13,33,24,31,34,20,20,31,0.0112994,0.0847458,0.2711864,0.5819209,0.7740113,0.8870056,0.1490385,0.8509616,177,0.4067796,0.0847458,0.4971751,0.4180791,0,0.112966161,0.000523092,0.0734463,0.1864407,0.1355932,0.1751412,0.1920904,0.1129944,0.1129944,-113.6373224,53.41676087,FALSE,0
242,1174,337,Kirkness,0.924726299,338617500,288430.5792,WARD 4,94,179,186,78,46,44,15,4,835,0.1455108,0.4226006,0.7105263,0.9024768,0.9705882,0.993808,0.5638083,0.4361918,646,0.8312693,0.4226006,0.4798762,0.0975232,0,0.057664744,0.000125554,0.2770898,0.2879257,0.120743,0.0712074,0.0681115,0.0232198,0.006192,-113.3890687,53.61123518,FALSE,2
243,60,338,Kinokamau Plains Area,7.078611443,33898000,564966.6667,WARD 1,0,9,35,1,0,0,1,2,1,0,0.1875,0.9166667,0.9375,0.9375,0.9583333,0.0204082,0.9795918,48,0.9375,0.1875,0.75,0.0625,0,0.156278245,0.000960485,0.1875,0.7291667,0.0208333,0,0,0.0208333,0.0416667,-113.6250631,53.58288002,FALSE,0
244,153,340,Riverview Area,10.2805116,136762000,893869.281,WARD 5,0,6,17,10,10,7,15,11,84,0,0.0789474,0.3026316,0.5657895,0.6578947,0.8552632,0.525,0.475,76,0.4342105,0.0789474,0.4868421,0.4342105,0,0.193471391,0.001389774,0.0789474,0.2236842,0.131579,0.131579,0.0921053,0.1973684,0.1447368,-113.6676896,53.42361916,FALSE,0
245,905,344,Hudson,0.736101312,339338500,374959.6685,WARD 2,21,98,163,63,32,31,4,15,373,0.0491803,0.2786885,0.6604216,0.882904,0.9555035,0.9648712,0.46625,0.53375,427,0.8079625,0.2786885,0.6042154,0.117096,0,0.049106766,9.99E-05,0.2295082,0.381733,0.147541,0.0749414,0.0725995,0.0093677,0.0351288,-113.5541408,53.60457761,FALSE,1
246,1044,346,Canossa,1.298591109,408160000,390957.8544,WARD 3,21,92,190,107,91,88,31,25,382,0.0325581,0.1751938,0.4697675,0.7767442,0.9131783,0.9612403,0.3719572,0.6280428,645,0.6356589,0.1751938,0.6015504,0.2232558,0,0.052680357,0.000176422,0.1426357,0.2945736,0.1658915,0.1410853,0.1364341,0.048062,0.0387597,-113.5227855,53.63592327,FALSE,0
247,1628,349,Oxford,1.184046071,554273500,340462.8378,WARD 2,24,116,230,138,95,91,24,26,589,0.0322581,0.188172,0.4973118,0.8104839,0.9327957,0.9650537,0.4418605,0.5581396,744,0.6827957,0.188172,0.6223118,0.1895161,0,0.051064556,0.000160808,0.155914,0.3091398,0.1854839,0.1276882,0.1223118,0.0322581,0.0349462,-113.5475782,53.62219455,FALSE,0
248,1064,350,Riverdale,1.06852493,444088500,417376.4098,WARD 6,57,113,141,79,56,57,47,41,365,0.0964467,0.2876481,0.5262268,0.7546532,0.8510998,0.930626,0.3817992,0.6182008,591,0.6598985,0.2876481,0.4670051,0.2453469,0,0.071638481,0.00014485,0.1912014,0.2385787,0.1336717,0.0947547,0.0964467,0.0795262,0.0693739,-113.4724394,53.54334128,FALSE,1
249,1957,351,Klarvatten,1.656759393,747112000,381763.9244,WARD 3,40,123,259,198,171,139,51,22,858,0.0398804,0.1625125,0.4207378,0.7886341,0.9272183,0.9780658,0.4610425,0.5389575,1003,0.6181456,0.1625125,0.6261216,0.2113659,0,0.079344045,0.000225088,0.1226321,0.2582253,0.1974078,0.1704885,0.1385842,0.0508475,0.0219342,-113.4740847,53.63721589,FALSE,0
250,808,352,Cameron Heights,0.968762721,558575000,691305.6931,WARD 5,2,10,22,26,31,36,23,46,344,0.0102041,0.0612245,0.1734694,0.4642857,0.6479592,0.7653061,0.637037,0.362963,196,0.3061225,0.0612245,0.4030612,0.5357143,0,0.101301814,0.000131114,0.0510204,0.1122449,0.1326531,0.1581633,0.1836735,0.1173469,0.2346939,-113.6330778,53.47315493,FALSE,0
251,4,353,Rural South East,2.657041988,6800000,1700000,WARD 12,7,8,11,4,4,5,1,3,18,0.1627907,0.3488372,0.6046512,0.7906977,0.9069768,0.9302326,0.295082,0.704918,43,0.6976744,0.3488372,0.4418605,0.2093023,0,0.078370927,0.000359014,0.1860465,0.255814,0.0930233,0.0930233,0.1162791,0.0232558,0.0697674,-113.4304196,53.40308691,FALSE,1
252,5203,354,Summerside,3.911019629,2142234500,411730.6362,WARD 12,82,332,735,498,355,393,133,130,1833,0.0308503,0.1557562,0.4322799,0.7531979,0.9010534,0.9510911,0.4081496,0.5918503,2658,0.6196388,0.1557562,0.5974417,0.2468021,0,0.104225948,0.000528626,0.1249059,0.2765237,0.1873589,0.1335591,0.1478555,0.0500376,0.048909,-113.4610825,53.41726184,FALSE,0
253,4472,358,The Hamptons,2.943190481,1572666500,351669.6109,WARD 5,67,327,695,491,287,309,126,61,1640,0.0283538,0.1667372,0.4608549,0.7900974,0.9208633,0.9741853,0.4096927,0.5903073,2363,0.6686416,0.1667372,0.6233602,0.2099027,0,0.088845759,0.000398474,0.1383834,0.2941177,0.2077867,0.1214558,0.130766,0.053322,0.0258146,-113.675655,53.48801581,FALSE,0
254,1539,359,The Orchards At Ellerslie,3.560486317,538526000,349919.4282,WARD 12,6,53,158,89,73,55,23,10,287,0.012848,0.1263383,0.4646681,0.8115632,0.9293362,0.9785867,0.3806366,0.6193634,467,0.6552463,0.1263383,0.6852248,0.1884368,0,0.102851698,0.000481089,0.1134904,0.3383298,0.1905782,0.1563169,0.117773,0.0492505,0.0214133,-113.4592668,53.40336997,FALSE,0
255,1494,361,Edgemont,4.256876038,536808500,359309.5716,WARD 5,4,31,71,48,32,47,23,11,271,0.0149813,0.1310861,0.3970037,0.6966292,0.8726591,0.9588015,0.5037175,0.4962825,267,0.576779,0.1310861,0.5655431,0.3033708,0,0.134946391,0.000576097,0.1161049,0.2659176,0.1797753,0.1198502,0.17603,0.0861423,0.0411985,-113.6763164,53.47053971,FALSE,0
256,466,363,Rossdale,0.903141361,186255500,399689.9142,WARD 6,29,58,62,26,24,25,17,36,190,0.1046931,0.3140794,0.5379061,0.7184116,0.8086643,0.8700361,0.4068522,0.5931478,277,0.6317689,0.3140794,0.4043321,0.2815884,0,0.051528075,0.0001224,0.2093863,0.2238267,0.0938628,0.0866426,0.0902527,0.0613718,0.1299639,-113.494446,53.53253405,FALSE,1
257,847,364,McCauley,1.498170125,214502500,253249.7048,WARD 6,530,214,135,30,14,13,8,0,1401,0.5614407,0.7881356,0.9311441,0.9777542,0.9915254,1,0.5974414,0.4025586,944,0.9629237,0.7881356,0.1896186,0.0222458,1,0.065771373,0.000203151,0.2266949,0.1430085,0.0317797,0.0148305,0.0137712,0.0084746,0,-113.4841708,53.55527747,TRUE,3
258,1112,365,Crystallina Nera West,0.840192624,329474000,296289.5683,WARD 3,3,35,79,51,38,20,10,2,122,0.012605,0.1596639,0.4915966,0.8655462,0.9495798,0.9915966,0.3388889,0.6611111,238,0.7058824,0.1596639,0.7058824,0.1344538,0,0.045483547,0.000114156,0.1470588,0.3319328,0.2142857,0.1596639,0.0840336,0.0420168,0.0084034,-113.4606721,53.64015006,FALSE,0
259,2691,367,Allard,1.666875851,856921000,318439.6135,WARD 9,4,48,165,109,48,69,32,23,560,0.0080321,0.1044177,0.435743,0.751004,0.8895583,0.9538153,0.5293006,0.4706994,498,0.6546185,0.1044177,0.6465864,0.248996,0,0.075661132,0.000225213,0.0963855,0.3313253,0.2188755,0.0963855,0.1385542,0.064257,0.0461847,-113.5265538,53.40019451,FALSE,0
260,5121,369,South Terwillegar,1.742840326,1311194500,256042.6674,WARD 9,95,262,475,249,196,187,71,53,1838,0.0598237,0.2248111,0.5239295,0.8041562,0.9219143,0.9666247,0.5364857,0.4635143,1588,0.6807305,0.2248111,0.5793451,0.1958438,0,0.070882771,0.000235695,0.1649874,0.2991184,0.156801,0.1234257,0.1177582,0.0447103,0.0333753,-113.5789339,53.44005745,FALSE,1
261,2431,370,Terwillegar Towne,1.869542021,1021036500,420006.7873,WARD 9,52,147,265,175,135,154,73,86,1179,0.0478381,0.1830727,0.4268629,0.7120515,0.8537259,0.9208832,0.5203001,0.4796999,1087,0.5878565,0.1830727,0.5289788,0.2879485,0,0.072575931,0.000252887,0.1352346,0.2437903,0.1609936,0.124195,0.1416743,0.0671573,0.0791168,-113.5784319,53.4498369,FALSE,0
262,0,371,Gainer Industrial,0.342464542,,,WARD 11,9,29,58,24,9,8,1,3,94,0.0638298,0.2695035,0.680851,0.9148936,0.9716312,0.9787234,0.4,0.6,141,0.8510638,0.2695035,0.6453901,0.0851064,0,0.041280748,4.64E-05,0.2056738,0.4113475,0.1702128,0.0638298,0.0567376,0.0070922,0.0212766,-113.4253233,53.51655051,FALSE,1
263,2329,372,King Edward Park,1.493722017,676549000,290489.0511,WARD 11,133,239,282,104,87,67,26,17,963,0.139267,0.3895288,0.6848168,0.8848168,0.9549738,0.982199,0.5020855,0.4979145,955,0.7937173,0.3895288,0.495288,0.1151832,0,0.096611753,0.000202357,0.2502618,0.295288,0.1089005,0.0910995,0.0701571,0.0272251,0.017801,-113.4522325,53.51520985,FALSE,1
264,784,374,Cloverdale,1.091063526,222096000,283285.7143,WARD 8,15,25,47,38,36,35,23,37,182,0.0585938,0.15625,0.3398438,0.6289063,0.765625,0.8554688,0.4155251,0.5844749,256,0.4882813,0.15625,0.4726563,0.3710938,0,0.080895459,0.000147884,0.0976563,0.1835938,0.1484375,0.140625,0.1367188,0.0898438,0.1445313,-113.4729408,53.53698523,FALSE,0
265,1376,375,Jamieson Place,1.083080355,530254000,385359.0116,WARD 5,26,71,103,78,64,65,17,13,882,0.0594966,0.221968,0.4576659,0.7826087,0.9313501,0.9702517,0.6686884,0.3313116,437,0.6361556,0.221968,0.5606408,0.2173913,0,0.049738168,0.000146641,0.1624714,0.2356979,0.1784897,0.1464531,0.1487414,0.0389016,0.0297483,-113.6484719,53.48952797,FALSE,1
266,3221,379,McConachie Area,2.602612449,971778500,301700.8693,WARD 4,53,180,325,243,148,145,39,19,766,0.0460069,0.2022569,0.484375,0.8237847,0.9496528,0.9835069,0.3993743,0.6006256,1152,0.6953125,0.2022569,0.6215278,0.1762153,0,0.089455614,0.000353573,0.15625,0.2821181,0.2109375,0.1284722,0.1258681,0.0338542,0.0164931,-113.4301923,53.6351068,FALSE,1
267,835,381,Pembina,0.572524267,89049500,106646.1078,WARD 2,7,15,41,37,7,3,1,2,153,0.0619469,0.1946903,0.5575221,0.9469026,0.9734513,0.9823009,0.575188,0.424812,113,0.8849558,0.1946903,0.7522124,0.0530973,0,0.068970026,7.77E-05,0.1327434,0.3628319,0.3274336,0.0619469,0.0265487,0.0088496,0.0176991,-113.5536078,53.60156402,FALSE,0
268,723,382,Cy Becker,1.015144841,265425000,367116.1826,WARD 4,0,2,17,9,13,5,0,0,179,0,0.0434783,0.4130435,0.8913044,1,1,0.7955555,0.2044444,46,0.6086956,0.0434783,0.8478261,0.1086956,0,0.06317383,0.000137901,0.0434783,0.3695652,0.1956522,0.2826087,0.1086956,0,0,-113.407654,53.63262723,FALSE,0
269,69,383,Rural North East Horse Hill,13.04653594,41355000,599347.8261,WARD 4,4,4,3,1,1,2,1,3,123,0.2105263,0.4210526,0.5789474,0.6842105,0.7894737,0.8421053,0.8661972,0.1338028,19,0.6315789,0.4210526,0.2631579,0.3157895,1,0.293676261,0.001773522,0.2105263,0.1578947,0.0526316,0.0526316,0.1052632,0.0526316,0.1578947,-113.3347336,53.66303023,TRUE,2
270,3364,385,Chappelle Area,5.034380842,1137184500,338045.3329,WARD 9,22,101,266,166,104,108,32,23,820,0.026764,0.149635,0.473236,0.8017032,0.93309,0.9720195,0.499391,0.500609,822,0.6751825,0.149635,0.6520681,0.1982968,0,0.141639469,0.000680253,0.122871,0.323601,0.2019465,0.1265207,0.1313869,0.0389294,0.0279805,-113.5820759,53.40325459,FALSE,0
271,1805,386,Carlton,1.206292176,705567000,390895.8449,WARD 2,37,147,262,149,103,98,35,15,818,0.0437352,0.2174941,0.5271868,0.8250591,0.9408984,0.9822695,0.4915865,0.5084134,846,0.7033097,0.2174941,0.607565,0.1749409,0,0.05125683,0.000163828,0.1737589,0.3096927,0.1761229,0.1217494,0.1158392,0.0413712,0.0177305,-113.5593176,53.62162893,FALSE,1
272,1927,390,Belmont,1.263277425,453170000,235168.6559,WARD 4,132,263,231,125,68,51,7,11,1070,0.1486486,0.4448198,0.704955,0.9222973,0.9797297,0.9876126,0.546476,0.453524,888,0.8457207,0.4448198,0.4774775,0.0777027,0,0.060477772,0.000171453,0.2961712,0.2601351,0.1407658,0.0765766,0.0574324,0.0078829,0.0123874,-113.3937488,53.59396283,FALSE,2
273,1186,392,Granville,1.362432462,428833500,361579.6796,WARD 5,7,28,77,74,63,58,18,17,261,0.0204678,0.1023392,0.3274854,0.7280702,0.8976608,0.9502924,0.4328358,0.5671642,342,0.5438597,0.1023392,0.625731,0.2719298,0,0.055503013,0.000184529,0.0818713,0.2251462,0.2163743,0.1842105,0.1695906,0.0526316,0.0497076,-113.68286,53.50465193,FALSE,0
274,1215,395,Kernohan,0.891282194,352719500,290304.1152,WARD 4,57,152,173,78,44,38,9,8,614,0.1019678,0.3738819,0.6833631,0.90161,0.9695886,0.9856887,0.5234442,0.4765559,559,0.822898,0.3738819,0.5277281,0.09839,0,0.062703003,0.000120964,0.2719141,0.3094812,0.1395349,0.078712,0.0679785,0.0161002,0.0143113,-113.3811363,53.59353153,FALSE,1
275,533,396,Wedgewood Heights,0.708629279,355262500,666533.7711,WARD 5,8,27,38,29,30,44,23,49,254,0.0322581,0.141129,0.2943548,0.5322581,0.7096774,0.8024194,0.5059761,0.4940239,248,0.4112903,0.141129,0.391129,0.4677419,0,0.071534931,9.59E-05,0.108871,0.1532258,0.1169355,0.1209677,0.1774193,0.0927419,0.1975807,-113.6454408,53.47912858,FALSE,0
